id,name,track_id,track_popularity,context_type,context_id
1735432474,Sodium,795M6PSmpncW2oh1CAFCpJ,16,playlist,7xlNAn0e6pYjySs67RtkXb
1735432690,Fukstar,309M1lVXfZI27dDAeeJHtt,32,playlist,7xlNAn0e6pYjySs67RtkXb
1735432947,Sargon,0UgeVRL35S4V4Fl1vo9wnZ,20,playlist,7xlNAn0e6pYjySs67RtkXb
1735436932,Save Face,6bo9WfTpX4pSsd0HZO8neM,3,playlist,7xlNAn0e6pYjySs67RtkXb
1735437114,CROSS ME,0wcDNYK0YxqiODQ2UwnfsT,35,playlist,7xlNAn0e6pYjySs67RtkXb
1735437369,Baba Yaga,0RSkbK5eWAPY5W5l5Q08zf,58,playlist,7xlNAn0e6pYjySs67RtkXb
1735437700,L Entité,3CPsNHnbQiQ2NAlSqu9HFr,21,playlist,7xlNAn0e6pYjySs67RtkXb
1735437979,Not The American Average,76LGCP0g9nVknR7HD2Jjyp,60,playlist,7xlNAn0e6pYjySs67RtkXb
1735438168,Wake The Dead,2DayUFU47R0WQQsvB3KPk3,54,playlist,7xlNAn0e6pYjySs67RtkXb
1735438437,Caraphernelia,2G8PweZBBwTpyP8vpNQJK2,67,playlist,7xlNAn0e6pYjySs67RtkXb
1735438698,a bulleT w/ my namE On (feat. Underoath),2tWhiQJQSTa5WE3eiByOf1,62,playlist,7xlNAn0e6pYjySs67RtkXb
1735438904,Better Off This Way,2kUkZRk6U2GaJq0z5SsKWz,55,playlist,7xlNAn0e6pYjySs67RtkXb
1735439092,Stop The Party,38kQoVxbkB6SKLJMBGJMOK,26,playlist,7xlNAn0e6pYjySs67RtkXb
1735439240,25 Thousand Volts,6GicQlvsDDiM9HMz1XRlSG,7,playlist,7xlNAn0e6pYjySs67RtkXb
1735439457,Traitors Never Play Hang-Man,23tIMOKXZLdzaSD8eNHTQq,25,playlist,7xlNAn0e6pYjySs67RtkXb
1735439625,Touch the Corpse,29ZSMUsptm2ZiJkSx4uVrZ,24,playlist,7xlNAn0e6pYjySs67RtkXb
1735440321,ANYTHING > HUMAN,7I50EtrBjzjZmHwLj7BeFl,62,playlist,7xlNAn0e6pYjySs67RtkXb
1735440544,Dragula,6Nm8h73ycDG2saCnZV8poF,76,playlist,7xlNAn0e6pYjySs67RtkXb
1735440782,Club Anxious,2n6GxGqXp8sNRkSoelts7y,29,playlist,7xlNAn0e6pYjySs67RtkXb
1735440987,Caterpillar,5IYf2klca6lYyOj7jhjF5j,33,playlist,7xlNAn0e6pYjySs67RtkXb
1735441208,Kingslayer (feat. BABYMETAL),7CAbF0By0Fpnbiu6Xn5ZF7,73,playlist,7xlNAn0e6pYjySs67RtkXb
1735441525,Into the Void,2zAAXQbzIB5e2VpBiGI8SI,34,playlist,7xlNAn0e6pYjySs67RtkXb
1735441764,O.D.D,3x9DnkPnyREL1svd0zgTEX,25,playlist,7xlNAn0e6pYjySs67RtkXb
1735441954,Square One,5h5n6mdcyAGH3Bkv6AFw49,15,playlist,7xlNAn0e6pYjySs67RtkXb
1735442128,Holy Roller,1LLiDI21J4WWlmqk7zsm9v,60,playlist,7xlNAn0e6pYjySs67RtkXb
1735442365,King For A Day,1IT0WQk5J8NsaeII8ktdlZ,75,playlist,7xlNAn0e6pYjySs67RtkXb
1735442569,HEDONIST [RECHARGED],1mt96PNdA3hhC0Xk0tRJUy,52,playlist,7xlNAn0e6pYjySs67RtkXb
1735442708,In Constraints,22UdbIgSutRXERGzirZc8Z,30,playlist,7xlNAn0e6pYjySs67RtkXb
1735442888,Gore,2noG6CdOerX5r5PBtf8E0s,25,playlist,7xlNAn0e6pYjySs67RtkXb
1735444282,D*E*S*T*R*O*Y,6i9IwU1zrAQu46yZVCQJBd,15,playlist,7xlNAn0e6pYjySs67RtkXb
1735444476,Antivist,1fUacP7XP697l6ry01oO4d,56,playlist,7xlNAn0e6pYjySs67RtkXb
1735444685,Super Fiend,2JOYAjpbutUFqxHYncleLf,29,playlist,7xlNAn0e6pYjySs67RtkXb
1735444862,$WING,79yXiVM8QbotM46zcevzUO,38,playlist,7xlNAn0e6pYjySs67RtkXb
1735445010,2nd Sucks,2EdZIRMxTX4lfbGzLLRh8f,54,playlist,7xlNAn0e6pYjySs67RtkXb
1735445223,Third Class Citizen,2l4vknC44ORyfGrae5Y2JB,3,playlist,7xlNAn0e6pYjySs67RtkXb
1735445377,NAIL5,0edkTedyqhtNI2xoN4iY1I,54,playlist,7xlNAn0e6pYjySs67RtkXb
1735445587,Chop Suey!,2DlHlPMa4M17kufBvI2lEN,83,playlist,7xlNAn0e6pYjySs67RtkXb
1735445785,Sticks & Bricks,5TqJ7Y1LmaJtrQfkRwTFCE,46,playlist,7xlNAn0e6pYjySs67RtkXb
1735446026,Out of the Black,1INksmStBpxdNlBzwGUvsg,58,playlist,7xlNAn0e6pYjySs67RtkXb
1735446217,Doubt Me,2eagADnpxQacZXpQxlZ8n3,50,playlist,7xlNAn0e6pYjySs67RtkXb
1735446458,Spoiler - Recoil,6T3EnxsNJDW5SnpFYfDhT4,34,playlist,7xlNAn0e6pYjySs67RtkXb
1735446581,It's Halloween,72gsO6toabLUqHCBIp6il8,15,playlist,7xlNAn0e6pYjySs67RtkXb
1735446708,Prick,3nOMlhisvsYPIAGRlsYIMC,18,playlist,7xlNAn0e6pYjySs67RtkXb
1735446867,People,3ERlkLtr5K5C7VUqlDcNSR,43,playlist,7xlNAn0e6pYjySs67RtkXb
1735447112,Machi Bhasad,1w2yLabkggvY64JilKWL73,47,playlist,7xlNAn0e6pYjySs67RtkXb
1735447380,Freaked (Long Version),32lCeuuXKTwvzfwuc5LdRK,17,playlist,7xlNAn0e6pYjySs67RtkXb
1735447629,Throne of the Sunset,5ATwGbGDPUoSfAx4KaDyYH,37,playlist,7xlNAn0e6pYjySs67RtkXb
1735447951,Take A Look Around,2avKuMN2QXkaG9vvHa2JLt,74,playlist,7xlNAn0e6pYjySs67RtkXb
1735448113,Puzzles,0rWIAbUoOL67JAHxxGRKx7,26,playlist,7xlNAn0e6pYjySs67RtkXb
1735448342,Bulls On Parade,0tZ3mElWcr74OOhKEiNz1x,71,playlist,7xlNAn0e6pYjySs67RtkXb
1735448533,AmEN! (feat. Lil Uzi Vert and Daryl Palumbo of Glassjaw),5viZ8CLipufc1Q1NXpMRNN,56,playlist,7xlNAn0e6pYjySs67RtkXb
1735448846,PIRILAMPO,0SuhR57lVDnnxWQdfsXvuR,17,playlist,3PlFvHHyrWXNmMzGwarssk
1735449097,Inexplicable,1COOaXjTMj3KF7BTNF4rn6,33,playlist,3PlFvHHyrWXNmMzGwarssk
1735449227,i love you,6CcJMwBtXByIz4zQLzFkKc,80,playlist,3PlFvHHyrWXNmMzGwarssk
1735449420,When You Wash Your Hair,5TFGStvx07PrdqAwCqcfk1,49,playlist,3PlFvHHyrWXNmMzGwarssk
1735470992,Trophy,2cX5koYbXtrs4IpnVxHx7A,40,playlist,3PlFvHHyrWXNmMzGwarssk
1735471247,Belly Side Up,4FRcooqZAeiri8Gynx3TF3,26,playlist,3PlFvHHyrWXNmMzGwarssk
1735471594,Typewrite Lesson,2JEZdhsjF848Elx2XO3onI,31,playlist,3PlFvHHyrWXNmMzGwarssk
1735471741,Sleep Apnea,6XyjwF7CAwuEaW77noJr6I,52,playlist,3PlFvHHyrWXNmMzGwarssk
1735471953,concrete,0fdaw54L9HswP2QVYJjnx6,55,playlist,3PlFvHHyrWXNmMzGwarssk
1735472249,Set it on Fire (Extended Version),51IQiksa4xcv444XWJ7tDs,35,playlist,3PlFvHHyrWXNmMzGwarssk
1735472435,Swarm Swamp Swim,5ozUuxIQmRNmM38XlIhKxg,32,playlist,3PlFvHHyrWXNmMzGwarssk
1735472756,Space Song,1ZgMsA55GIY7ICkQh5MILA,73,playlist,3PlFvHHyrWXNmMzGwarssk
1735472966,Best Part (feat. H.E.R.),1RMJOxR6GRPsBHL8qeC2ux,84,playlist,3PlFvHHyrWXNmMzGwarssk
1735473107,Laughing on the Outside,1FxJuNa4VIHtK45sFAR2ab,45,playlist,3PlFvHHyrWXNmMzGwarssk
1735473300,To Sleep,2yURdflFgT9fkD4dDp3Z94,27,playlist,3PlFvHHyrWXNmMzGwarssk
1735473490,Big Cloud,7uGD7HQMi8zFj1JEvYK1ot,36,playlist,3PlFvHHyrWXNmMzGwarssk
1735473798,Darlin' don't Be Late,08F9kUK06EzJVWNsus1Xgq,19,playlist,3PlFvHHyrWXNmMzGwarssk
1735474363,Once You (feat. Suzie Collier),0ivwnHxm9O76ruklFPWCpp,26,playlist,3PlFvHHyrWXNmMzGwarssk
1735474506,born a worm,5QR7L5wiz7dnvrXnhOC6f3,28,playlist,3PlFvHHyrWXNmMzGwarssk
1735474771,Who I'll Be,3xhZUcAznddvVl0mWE9foc,22,playlist,3PlFvHHyrWXNmMzGwarssk
1735475005,On Melancholy Hill,0q6LuUqGLUiCPP1cbdwFs3,79,playlist,3PlFvHHyrWXNmMzGwarssk
1735475202,Blue,5Ved8UIuLCJkcCZvp7Oc1C,36,playlist,3PlFvHHyrWXNmMzGwarssk
1735475447,"Skeleton Appreciation Day in Vestal, NY (Bones)",2HUxk47ocPuBDzOBIj8xG7,52,playlist,3PlFvHHyrWXNmMzGwarssk
1735475559,Fall,6uYhrewzoLkE4HOEEOVl2i,41,playlist,3PlFvHHyrWXNmMzGwarssk
1735475603,Entangled Life,6JOqUUsfwG22CfLKAmq5v0,32,playlist,3PlFvHHyrWXNmMzGwarssk
1735475889,Little Blue (feat. Brandi Carlile),0HWWt7Nv69TSuaVc5Woy7O,42,playlist,3PlFvHHyrWXNmMzGwarssk
1735476158,Honey,2kPYU6yN0LfBZC67J45MJg,36,playlist,3PlFvHHyrWXNmMzGwarssk
1735476340,Looking Out for You,3jfZ9M23l0L7RxzYMTgBTv,76,playlist,3PlFvHHyrWXNmMzGwarssk
1735476460,The Golden Hour,500UbifF9XkKd2HgqmsnKu,36,playlist,3PlFvHHyrWXNmMzGwarssk
1735476699,On Top of the World,0ACoy3rzW779jyh76PI3UD,49,playlist,3PlFvHHyrWXNmMzGwarssk
1735476974,Souk Eye,4fjzDf54eBNOlW45mNe14U,56,playlist,3PlFvHHyrWXNmMzGwarssk
1735477133,Four,1qzhvRq7oZLCZt4wVLvoVN,17,playlist,3PlFvHHyrWXNmMzGwarssk
1735477376,Here With Me,5LrN7yUQAzvthd4QujgPFr,84,playlist,3PlFvHHyrWXNmMzGwarssk
1735477707,Stone Or Lavender,6mPsXbce09tlhJSrBtLVcx,32,playlist,3PlFvHHyrWXNmMzGwarssk
1735477909,Elvis,7E2MggUPZ0v9lIM9yQhBas,41,playlist,3PlFvHHyrWXNmMzGwarssk
1735478179,One Day,6hM35CfZMbhVm3XRwsotn7,28,playlist,3PlFvHHyrWXNmMzGwarssk
1735478436,White Space,05vrUd9ocpUYUQMqXyto1v,3,playlist,3PlFvHHyrWXNmMzGwarssk
1735478572,Riot Van,4wMR4fRKMTyUJG6VAsmccv,58,playlist,3PlFvHHyrWXNmMzGwarssk
1735478741,Orange-coloured day,7cIzH5nBtAMGX7woHj0ubJ,45,playlist,3PlFvHHyrWXNmMzGwarssk
1735478939,No Buses,6mOiT65GFmXgBAviM3lrsE,60,playlist,3PlFvHHyrWXNmMzGwarssk
1735479112,Moonsetter,54z3RmcOd1zkkfvHMcmGMb,36,playlist,3PlFvHHyrWXNmMzGwarssk
1735479346,Disappear,7fkEpPNcC7pIxobJhceYOg,26,playlist,3PlFvHHyrWXNmMzGwarssk
1735479570,Street by Street,0OuOPYd05eORfLw94apb8j,61,playlist,3PlFvHHyrWXNmMzGwarssk
1735479749,Knots,13bvLz5UWMYh1S8Zcyxh5a,27,playlist,3PlFvHHyrWXNmMzGwarssk
1735480001,Sky Above,38CnBT7s4WHptbuW7ttRwj,33,playlist,3PlFvHHyrWXNmMzGwarssk
1735480244,The Moss,5cbVQm11IEZieWTgX1UT25,48,playlist,3PlFvHHyrWXNmMzGwarssk
1735480367,bored like me (demo),3qFp7WxvzHbJV6q03GBHYJ,29,playlist,3PlFvHHyrWXNmMzGwarssk
1735480467,Trust The Light,4ROtaPYggXhf9bYV99fHBW,21,playlist,3PlFvHHyrWXNmMzGwarssk
1735480570,The Wind - Remastered 2021,0wEo4mwfs6tXYgCem9m9wP,66,playlist,3PlFvHHyrWXNmMzGwarssk
1735480800,Amoeba,0HAqq2GcQKyi3s87GuN7jU,70,playlist,3PlFvHHyrWXNmMzGwarssk
1735480994,heart of the woods (ending theme),38YuwNZvCHCMgju2Z1EbO4,28,playlist,3PlFvHHyrWXNmMzGwarssk
1735481346,Ode To The Mets,1BLOVHYYlH4JUHQGcpt75R,66,playlist,3PlFvHHyrWXNmMzGwarssk
1735481918,complex (demo),1ovZe7upcqycTuPFfOg6kB,51,playlist,3PlFvHHyrWXNmMzGwarssk
1735482169,Sentimental,1034gvAhQZdLBbGvGRs5PD,11,playlist,3PlFvHHyrWXNmMzGwarssk
1735482382,Sens à la limite,3qR5qRQptcfTnNxhDikgHo,2,playlist,3PlFvHHyrWXNmMzGwarssk
1735482598,Beware of the Dogs,1aagrgk94erGgbJNzMSvty,34,playlist,3PlFvHHyrWXNmMzGwarssk
1735483052,Little Blue - Mahogany Sessions,4dkxQNsQUboUQ2I4wXkE0d,42,playlist,3PlFvHHyrWXNmMzGwarssk
1735483306,Perfect Instance,7jaLaID7RPRzgbV8sO5rXc,36,playlist,3PlFvHHyrWXNmMzGwarssk
1735483515,golden hour,5odlY52u43F5BjByhxg7wg,76,playlist,3PlFvHHyrWXNmMzGwarssk
1735483815,Happier Than Ever,4RVwu0g32PAqgUiJoXsdF8,81,playlist,3PlFvHHyrWXNmMzGwarssk
1735484129,Closer,2gG2PBhDbYr5necUZGQV9j,33,playlist,3PlFvHHyrWXNmMzGwarssk
1735484374,My City,7yIoiP1spudd0cuRL6NB9E,38,playlist,3PlFvHHyrWXNmMzGwarssk
1735484526,I Kissed Someone (It Wasn't You),35NX4IIsuOOm6isMzTdqtQ,38,playlist,3PlFvHHyrWXNmMzGwarssk
1735486107,Ofelia,21B9uYkOU8YNeEoT1MAThK,39,playlist,3PlFvHHyrWXNmMzGwarssk
1735486361,Granada,3VXjddpF7Nb6B95vIiCbuW,30,playlist,3PlFvHHyrWXNmMzGwarssk
1735486580,When - Live at NPR's Tiny Desk,5JjWxPZwXqJpJwAHR8C9yW,19,playlist,3PlFvHHyrWXNmMzGwarssk
1735486832,I Wish I Never Met You,12l2XM75QCGVCXM37Ktxzs,49,playlist,3PlFvHHyrWXNmMzGwarssk
1735486992,Smile,0Gefx5Na9ZomisjCjNrDOj,46,playlist,3PlFvHHyrWXNmMzGwarssk
1735487448,Home,6RFRUvajtQdmxUPgSeY6tF,34,playlist,3PlFvHHyrWXNmMzGwarssk
1735487577,One Step Ahead,2wZTxjnKdOpgPLi85ItFlr,39,playlist,3PlFvHHyrWXNmMzGwarssk
1735487869,Summer Rain (feat. Madison Cunningham & Chris Thile),5Mf8pNKP5NlUKL2cbE81iU,43,playlist,3PlFvHHyrWXNmMzGwarssk
1735488025,Like Me,6DNCn8t3gwjNDWMOahEwI7,2,playlist,3PlFvHHyrWXNmMzGwarssk
1735488188,From The Gallows,2n6Q4EEnQGhqikpO8bNAtD,45,playlist,3PlFvHHyrWXNmMzGwarssk
1735488401,DOWNSIDE,49sFu3Kz7zf94qT27b2ZF9,45,playlist,3PlFvHHyrWXNmMzGwarssk
1735488515,Hidden In the Sand,0RjG5JmdOWXAR68dGlKBA5,71,playlist,3PlFvHHyrWXNmMzGwarssk
1735488934,Levers,3SCtDdJZ0aKYfJsOQUr5CT,31,playlist,3PlFvHHyrWXNmMzGwarssk
1735489192,CHILDHOOD,6WhXTXxUvM3GMI667mLj8s,34,playlist,3PlFvHHyrWXNmMzGwarssk
1735489349,Poor Grammar,1Tdcb66Gwr5sczO5CJhmPc,53,playlist,3PlFvHHyrWXNmMzGwarssk
1735489536,Old Soul,3ThbiGsMJGSLOUHVxyFQQk,48,playlist,3PlFvHHyrWXNmMzGwarssk
1735489826,Goodnight Daydream,2jxCJAQLi7BphBGboUiXoo,14,playlist,3PlFvHHyrWXNmMzGwarssk
1735490056,SHALLOW (PPL SWIM IN SHALLOW WATER),1e3TQn0NhAiofH4Zy5AA6b,33,playlist,3PlFvHHyrWXNmMzGwarssk
1735490167,Last Words,1rOKAsJZJDIikOKDeUfPRV,45,playlist,3PlFvHHyrWXNmMzGwarssk
1735490554,Bonedigger,138qk4FBTOtBcrwJC7r8uS,21,playlist,3PlFvHHyrWXNmMzGwarssk
1735490794,Susie Save Your Love,5jYkyOIoEeWZobedmHM50N,48,playlist,3PlFvHHyrWXNmMzGwarssk
1735491065,WHEN I WAS OLDER - Music Inspired By The Film ROMA,7tGEAA1f8MydT7eVbbO9Zy,60,playlist,3PlFvHHyrWXNmMzGwarssk
1735491359,honey thighs,7vb2OD6XVxjhbLFWwPpgBe,49,playlist,3PlFvHHyrWXNmMzGwarssk
1735491841,I'm Happy You're Here,7I1vlE14zJWh6u61bBHwZa,31,playlist,3PlFvHHyrWXNmMzGwarssk
1735492192,The Floor is Lava,2AeAs4QkiiUUfJry33YFHL,3,playlist,3PlFvHHyrWXNmMzGwarssk
1735492426,gravity,0uuqx1tCpNBFEMOdlcWb3y,13,playlist,3PlFvHHyrWXNmMzGwarssk
1735492640,No Ho Has Entès,1WllmxRTFxdLwgfF5xyxdT,17,playlist,3PlFvHHyrWXNmMzGwarssk
1735492903,Echolocation,1BgQeIBv6rJZdehXC4kUEl,24,playlist,3PlFvHHyrWXNmMzGwarssk
1735493194,Gabe's Song,7dEfPc5hx7ozXL8PEKxTsy,16,playlist,3PlFvHHyrWXNmMzGwarssk
1735493625,Friends,6COgubDl3KXdCZdUZgt2Qb,5,playlist,3PlFvHHyrWXNmMzGwarssk
1735493855,Black-winged Stilt,4WHInLldbOqJb0GTo5BwpR,22,playlist,3PlFvHHyrWXNmMzGwarssk
1735494038,For the First Time,2R4AlwtrrkMaRKojcTIzmL,80,playlist,3PlFvHHyrWXNmMzGwarssk
1735514973,We Spent the Night on a Star,6U2T7UhOLjJUUKNNacEgaO,42,playlist,3PlFvHHyrWXNmMzGwarssk
1735515103,By Being With You,0TdKkn7KOskuWfhxEa6MMF,41,playlist,3PlFvHHyrWXNmMzGwarssk
1735515326,Secret Door,4dtP86vkhzwNXCFpCtizce,63,playlist,3PlFvHHyrWXNmMzGwarssk
1735515583,Out Like a Light,7yR5ZDif2glYMnFP73uRMm,54,playlist,3PlFvHHyrWXNmMzGwarssk
1735515819,Take Me Where Your Heart Is,4EcoXZhvbU3qS7ORWUEcVI,52,playlist,3PlFvHHyrWXNmMzGwarssk
1735516076,Goodbye L.A,3zY9V0dYqTe1VhwB6NifR0,33,playlist,3PlFvHHyrWXNmMzGwarssk
1735516326,Never Gonna Be Alone (feat. Lizzy McAlpine & John Mayer),275XKjLmQFuZnxTvvtJ6VZ,54,playlist,3PlFvHHyrWXNmMzGwarssk
1735516765,The Garden,0QbV35CKd6pEG6NurX3ckZ,23,playlist,3PlFvHHyrWXNmMzGwarssk
1735516940,Lonely Town,0QLMAhZQACGtzi11XZVa6A,40,playlist,3PlFvHHyrWXNmMzGwarssk
1735517176,Close One,4mL3gs1HONGGLaZyW6OYMq,43,playlist,3PlFvHHyrWXNmMzGwarssk
1735517380,In Too Deep (feat. Kiana Ledé) – Acoustic,1Gh2ei6BJlppER2kjUx7L9,35,playlist,3PlFvHHyrWXNmMzGwarssk
1735517726,Home Is,3nur4bNfmRCoLFxk9ubHHK,34,playlist,3PlFvHHyrWXNmMzGwarssk
1735517896,TTCL,0DIUEQTtscGDZZCpyc4ypr,40,playlist,3PlFvHHyrWXNmMzGwarssk
1735518195,City of Lights,6hU4BnBJjN6by7RFFmx3yG,27,playlist,3PlFvHHyrWXNmMzGwarssk
1735519311,Close One,4mL3gs1HONGGLaZyW6OYMq,43,playlist,3PlFvHHyrWXNmMzGwarssk
1735551486,Close One,4mL3gs1HONGGLaZyW6OYMq,43,playlist,3PlFvHHyrWXNmMzGwarssk
1735551689,In Too Deep (feat. Kiana Ledé) – Acoustic,1Gh2ei6BJlppER2kjUx7L9,35,playlist,3PlFvHHyrWXNmMzGwarssk
1735552035,Home Is,3nur4bNfmRCoLFxk9ubHHK,34,playlist,3PlFvHHyrWXNmMzGwarssk
1735552042,Take Me to a Higher Place,69EPDihTXUrRhHAcFRNbx5,36,playlist,3PlFvHHyrWXNmMzGwarssk
1735552065,TTCL,0DIUEQTtscGDZZCpyc4ypr,40,playlist,3PlFvHHyrWXNmMzGwarssk
1735552205,TTCL,0DIUEQTtscGDZZCpyc4ypr,40,playlist,3PlFvHHyrWXNmMzGwarssk
1735552521,You Gotta Go Through Me,1M4RBYTXHTWCEoEcgz4yZH,20,playlist,3PlFvHHyrWXNmMzGwarssk
1735552754,Tender As A Tomb,2Tedf9PFL7W3YnspllPAh9,23,playlist,3PlFvHHyrWXNmMzGwarssk
1735553429,Love Is a Beautiful Thing,59qmUODXmHXiWwvG8WdzEW,38,playlist,3PlFvHHyrWXNmMzGwarssk
1735556616,Bubblegum,0zvNw5l0l7mgq5WujF05Wh,26,playlist,3PlFvHHyrWXNmMzGwarssk
1735556825,Stuck on the puzzle,3cUxncrTWSA9lhlQbuIwUY,62,playlist,37i9dQZF1EP6YuccBxUcC1
1735557010,Fluorescent Adolescent,2x8evxqUlF0eRabbW2JBJd,76,playlist,37i9dQZF1EP6YuccBxUcC1
1735558409,Karma Police,63OQupATfueTdZMWTxW03A,77,playlist,37i9dQZF1EP6YuccBxUcC1
1735562659,Karma Police,63OQupATfueTdZMWTxW03A,77,playlist,37i9dQZF1EP6YuccBxUcC1
1735562948,Alter Ego,6SmV1Oo24nCZBPzIYkL4HZ,53,playlist,37i9dQZF1EP6YuccBxUcC1
1735563597,Eternal Summer,6IRzBP4gVoV4D2zHmocoWy,56,playlist,37i9dQZF1EP6YuccBxUcC1
1735572008,Fell In Love With a Girl,21Qsj3cMVCx2xF2EVVNbEu,67,playlist,37i9dQZF1EP6YuccBxUcC1
1735572195,Hash Pipe,2mPMFJvQ0v27gVqe5b6nDn,64,playlist,37i9dQZF1EP6YuccBxUcC1
1735572453,Bullet With Butterfly Wings - Remastered 2012,6GtX0jaNL8IjVQfrDBx81z,73,playlist,37i9dQZF1EP6YuccBxUcC1
1735572641,Go With The Flow,0wzRcekWyVCSyPtlPOeJau,65,playlist,37i9dQZF1EP6YuccBxUcC1
1735572826,Breed,3PyPpABRA2bTGhNwPd66H6,64,playlist,37i9dQZF1EP6YuccBxUcC1
1735573008,Bleed American,61XspFITuKmAlYdQacNCbF,62,playlist,37i9dQZF1EP6YuccBxUcC1
1735573112,Garbage Truck,4YbslGpDoOgJgH8wqSdfaP,54,playlist,37i9dQZF1EP6YuccBxUcC1
1735573302,Pork And Beans,5txH6topQylTHnb4lZMdQ1,46,playlist,37i9dQZF1EP6YuccBxUcC1
1735573482,She Said,7FjR8KdR8LCd2eFRWpVcb6,51,playlist,37i9dQZF1EP6YuccBxUcC1
1735573643,Zero - Remastered 2012,4YFcGTdgmEuw8xTO4XrxbB,67,playlist,37i9dQZF1EP6YuccBxUcC1
1735573818,Little Sister,1rzYrkxgRuLLJDqWdB32pK,60,playlist,37i9dQZF1EP6YuccBxUcC1
1735573991,BLACKOUT,0bGImSqDB2ebdeoCidUC8o,57,playlist,37i9dQZF1EP6YuccBxUcC1
1735574141,DVP,0QpST3fcy7z1xcdFGFTk3D,49,playlist,37i9dQZF1EP6YuccBxUcC1
1735574284,Territorial Pissings,6oZYLz0vZy8HhqwioRYtTp,57,playlist,37i9dQZF1EP6YuccBxUcC1
1735574496,The Hand That Feeds,4L5r9XNiWJ7cbqcIiNvVes,56,playlist,37i9dQZF1EP6YuccBxUcC1
1735574776,No One Knows,6y20BV5L33R8YXM0YuI38N,69,playlist,37i9dQZF1EP6YuccBxUcC1
1735575491,Monkey Wrench,44wXefe8WB9Fd6xwtmAwbR,66,playlist,37i9dQZF1EP6YuccBxUcC1
1735576656,Monkey Wrench,44wXefe8WB9Fd6xwtmAwbR,66,playlist,37i9dQZF1EP6YuccBxUcC1
1735576814,Blue Orchid,4jU7NPkz4HVnM4hweqNhI1,62,playlist,37i9dQZF1EP6YuccBxUcC1
1735577020,Heart In a Cage,3mYCd23hPxJW5okSvMoy3x,59,playlist,37i9dQZF1EP6YuccBxUcC1
1735577784,Spiderhead,4FN395EYfdCGrBthUfJzug,49,playlist,37i9dQZF1EP6YuccBxUcC1
1735577998,3's & 7's,44JEbGi3NxptsEuxDNGiAR,55,playlist,37i9dQZF1EP6YuccBxUcC1
1735594013,Alone Again (Naturally),54pvEYFocTlvIAQOfXSjqV,68,playlist,37i9dQZF1EP6YuccBxUcC1
1735594209,Dead End Friends,5ByJlcDmUzK69tpub789AB,55,playlist,37i9dQZF1EP6YuccBxUcC1
1735641668,Little Sister,1rzYrkxgRuLLJDqWdB32pK,60,playlist,37i9dQZF1EP6YuccBxUcC1
1735641789,What Ever Happened?,78Gzxi27GuNHTfkn2BylG4,59,playlist,37i9dQZF1EP6YuccBxUcC1
1735642053,When You Die,3td69vL9Py7Ai9wfXYnvji,62,playlist,37i9dQZF1EP6YuccBxUcC1
1735642269,Evil,6zPOdhLim2vbcLo0rfjDjq,50,playlist,37i9dQZF1EP6YuccBxUcC1
1735642566,Incinerate,6bGnkppjxJJY4HeOQ5dheD,48,playlist,37i9dQZF1EP6YuccBxUcC1
1735642742,Monkey Gone to Heaven,6BT7qiDY4A5tOyklohjQuW,62,playlist,37i9dQZF1EP6YuccBxUcC1
1735643066,"There, There",5h4y42RUKwYKYWgutNwvKP,60,playlist,37i9dQZF1EP6YuccBxUcC1
1735643268,Still Ill - 2011 Remaster,0uLI1jac8ZJSSRG4QJDo3J,61,playlist,37i9dQZF1EP6YuccBxUcC1
1735643503,Barely Legal,4KC2Z9dL4jL61Ys35N6srg,53,playlist,37i9dQZF1EP6YuccBxUcC1
1735643996,Obstacle 1,0vrlOGhCwK3xqy1xNUQJHj,46,playlist,37i9dQZF1EP6YuccBxUcC1
1735644264,Half Full Glass Of Wine,4t6vrJg7GcUELCAxHX1z5W,51,playlist,37i9dQZF1EP6YuccBxUcC1
1735644507,11th Dimension,6i99ThziImjuFABb8rUQvy,51,playlist,37i9dQZF1EP6YuccBxUcC1
1735644836,House Of Cards,48X4D1FYOShPz2VF3YdfCF,65,playlist,37i9dQZF1EP6YuccBxUcC1
1735645024,All I Think About Now,3NfqN997u9A3YAAafgzhIa,65,playlist,37i9dQZF1EP6YuccBxUcC1
1735645178,Soma,7G8hUONVhvJnkD3Ak8mNF1,52,playlist,37i9dQZF1EP6YuccBxUcC1
1735648293,Jenny Was A Friend Of Mine,60eVCXFCuw1WYswBuNZc4H,59,playlist,37i9dQZF1EP6YuccBxUcC1
1735648488,Juicebox,3jjQHULAVn71k40mKwGMiV,55,playlist,37i9dQZF1EP6YuccBxUcC1
1735648681,Aberdeen,7pwULzYydZdjJX3SiqQ5bR,39,playlist,37i9dQZF1EP6YuccBxUcC1
1735648855,Brianstorm,7f9I5WdyXm5q1XqnSYgQZb,66,playlist,37i9dQZF1EP6YuccBxUcC1
1735649216,The Hardest Button to Button,3RdQfyk7BBxxIx0zSnCBIw,59,playlist,37i9dQZF1EP6YuccBxUcC1
1735649452,I Sat by the Ocean,1D3YGmST01Ba0WRiT7THPG,61,playlist,37i9dQZF1EP6YuccBxUcC1
1735649636,Caught by My Shadow,1W2ViUGBEyp02hg2p45mzL,43,playlist,37i9dQZF1EP6YuccBxUcC1
1735650889,Portuguese Knife Fight,01T0Kq5YOIRF9BQRXJsyfe,44,playlist,37i9dQZF1EP6YuccBxUcC1
1735653199,BNR,31ENsHZWhAD9XVtCcoOw1J,41,playlist,6bYdhADwAwPJNXrc2i3nSY
1735653434,Just,1dyTcli07c77mtQK3ahUZR,71,playlist,6bYdhADwAwPJNXrc2i3nSY
1735653970,The Meeting Place,0RwXCC1iiZEfoKCtuGhrHS,47,playlist,6bYdhADwAwPJNXrc2i3nSY
1735654292,It Is Not Meant To Be,3Yub3anoLj8w58TVpEXUJv,52,playlist,6bYdhADwAwPJNXrc2i3nSY
1735654543,Obstacle 1,0vrlOGhCwK3xqy1xNUQJHj,46,playlist,6bYdhADwAwPJNXrc2i3nSY
1735654791,Chasing My Tail,0fz4xxZhSBR4mUOyBcaoT5,31,playlist,6bYdhADwAwPJNXrc2i3nSY
1735655027,Brooklyn Bridge To Chorus,2mDYYGaGd9uXKkK2YhDA3i,59,playlist,6bYdhADwAwPJNXrc2i3nSY
1735655210,You're So Dark,40DwUg5zPX8H23WpTdD2iW,57,playlist,6bYdhADwAwPJNXrc2i3nSY
1735655479,Hunnybee,6AAYNz8jXvVlgG9IpYi42Z,57,playlist,6bYdhADwAwPJNXrc2i3nSY
1735655714,Ode to Viceroy,6WZjjf4mKurHPC5BhdGwet,58,playlist,6bYdhADwAwPJNXrc2i3nSY
1735655914,Nina,3U3uvOHNxa3ODEiD9H6oVr,46,playlist,6bYdhADwAwPJNXrc2i3nSY
1735645929,All the Rage Back Home,6cnw3JOLMgBYA2PLydO8mU,44,playlist,37i9dQZF1EP6YuccBxUcC1
1735656162,Black Star,6UO72VSXEONxdfLyABihs9,68,playlist,6bYdhADwAwPJNXrc2i3nSY
1735656386,Aviation,2cop62KNgi55QqIozb5bMf,51,playlist,6bYdhADwAwPJNXrc2i3nSY
1735656603,The Less I Know The Better,6K4t31amVTZDgR3sKmwUJJ,83,playlist,6bYdhADwAwPJNXrc2i3nSY
1735656861,Lithium,5vHLwhxxlGzmClMcxRRFPr,71,playlist,6bYdhADwAwPJNXrc2i3nSY
1735657014,Tesselation,3BIzHNxAQbRTY4LCp1oMR1,53,playlist,6bYdhADwAwPJNXrc2i3nSY
1735659252,Only Ones Who Know,71ytDkCnYc11VRiRCrhDHX,62,playlist,6bYdhADwAwPJNXrc2i3nSY
1735659513,The World Is Crowded,0QuFdq1oVppQIHZx8TkWhm,36,playlist,6bYdhADwAwPJNXrc2i3nSY
1735659714,little person,1VrUeEmCs6wGwPkWuEFr09,57,playlist,6bYdhADwAwPJNXrc2i3nSY
1735659878,Pieces of What,6wxDu7ISgm5nppPMea4W7D,45,playlist,6bYdhADwAwPJNXrc2i3nSY
1735660117,Creep,70LcF31zb1H0PyJoS1Sx1r,86,playlist,6bYdhADwAwPJNXrc2i3nSY
1735660327,Standing Next To Me,03F0Hspx6mEkiiYqEzVu5u,54,playlist,6bYdhADwAwPJNXrc2i3nSY
1735664108,Eventually,5M4yti0QxgqJieUYaEXcpw,73,playlist,6bYdhADwAwPJNXrc2i3nSY
1735664262,12:51,6Yu1OL8I0D4vjOzYdsXYGK,62,playlist,6bYdhADwAwPJNXrc2i3nSY
1735664524,The Man Who Sold The World - Live,15VRO9CQwMpbqUYA7e6Hwg,74,playlist,6bYdhADwAwPJNXrc2i3nSY
1735664773,Kansas,7FJ7lHtpbWvPKe3zCoeAWC,51,playlist,6bYdhADwAwPJNXrc2i3nSY
1735665164,Saturnine,5GGP2S487OmXSQ8Vp2sJHb,38,playlist,6bYdhADwAwPJNXrc2i3nSY
1735665406,'Cause I'm A Man,2O99aywAVBhaPrsiJ6zbSS,59,playlist,6bYdhADwAwPJNXrc2i3nSY
1735665763,How to Disappear Completely,2rtGaCAeYtmcIvuZsvgTf6,67,playlist,6bYdhADwAwPJNXrc2i3nSY
1735666000,"Sweet Dreams, TN",1W0OCrMsRP1SLTEdw3JwEz,62,playlist,6bYdhADwAwPJNXrc2i3nSY
1735666176,Mardy Bum,2fyIS6GXMgUcSv4oejx63f,71,playlist,6bYdhADwAwPJNXrc2i3nSY
1735666495,Locket,2vfPsGhqMbqmhjMGQ52dYf,58,playlist,6bYdhADwAwPJNXrc2i3nSY
1735666688,Last Nite,7kzKAuUzOITUauHAhoMoxA,74,playlist,6bYdhADwAwPJNXrc2i3nSY
1735667103,365 featuring shygirl,5xyaPwLmgoyGlDDu2H0Uix,66,playlist,6bYdhADwAwPJNXrc2i3nSY
1735667224,365 featuring shygirl,5xyaPwLmgoyGlDDu2H0Uix,66,playlist,6bYdhADwAwPJNXrc2i3nSY
1735669022,F*Me,2uQW9N6ObJYPV9HKgl1AAH,59,playlist,6bYdhADwAwPJNXrc2i3nSY
1735669172,mr useless,1HogDCzANgKv9mE8MgeYKg,52,playlist,6bYdhADwAwPJNXrc2i3nSY
1735675010,Plug in Baby,2UKARCqDrhkYDoVR4FN5Wi,64,playlist,37i9dQZF1EP6YuccBxUcC1
1735675250,Out of the Black,1INksmStBpxdNlBzwGUvsg,58,playlist,37i9dQZF1EP6YuccBxUcC1
1735675416,Teddy Picker,5kxVyCgEUND7E2QKG7JmoF,67,playlist,37i9dQZF1EP6YuccBxUcC1
1735675641,Kitty Sucker,7ajm14wJT1HiZOVCf4d00F,47,playlist,37i9dQZF1EP6YuccBxUcC1
1735675994,Song For The Dead,37gG4GPeTRPKKdXYx3zTRC,57,playlist,37i9dQZF1EP6YuccBxUcC1
1735676222,Hysteria,0knbMPVHpFbsx38pLoYSRs,73,playlist,37i9dQZF1EP6YuccBxUcC1
1735676442,Helicopter,5OVHnu9SgsdAravy4UyGq4,58,playlist,37i9dQZF1EP6YuccBxUcC1
1735676627,Figure It Out,3MjrueDQKVr6xDDseZwhEd,64,playlist,37i9dQZF1EP6YuccBxUcC1
1735676820,From The Ritz To The Rubble,2vQQfWTanvD99OeHLAoyhW,65,playlist,37i9dQZF1EP6YuccBxUcC1
1735677036,Love Buzz,5muVpPu8Fj9fXfDbbqDdrZ,69,playlist,37i9dQZF1EP6YuccBxUcC1
1735677217,The Hunter,0HFb9ouBk4UmuYT6gvvElo,48,playlist,37i9dQZF1EP6YuccBxUcC1
1735677410,"You Think I Ain't Worth A Dollar, But I Feel Like A Millionaire - Album Version (With Interlude)",48OJGqiTSwiUmDwLpAlGZ6,55,playlist,37i9dQZF1EP6YuccBxUcC1
1735677707,Stockholm Syndrome,3ox5lIXRf4r977FsE7JfXs,61,playlist,37i9dQZF1EP6YuccBxUcC1
1735677849,Cave Song,2lxqOVJzuS0s1SgulAvkav,47,playlist,37i9dQZF1EP6YuccBxUcC1
1735678059,Boilermaker,27BEATf1JFhKDmwJdpGVSk,51,playlist,37i9dQZF1EP6YuccBxUcC1
1735678233,I Bet You Look Good On The Dancefloor,3DQVgcqaP3iSMbaKsd57l5,72,playlist,37i9dQZF1EP6YuccBxUcC1
1735678488,In Bloom,2mvffzYUJ9Ld9xhsF5DUjU,67,playlist,37i9dQZF1EP6YuccBxUcC1
1735678642,Cheer Up London,6YwYfxEFDUZZ1xX5vlBYmF,46,playlist,37i9dQZF1EP6YuccBxUcC1
1735678843,Hate To Say I Told You So,20j7B6mL9gnNvG3ic6Vwh5,62,playlist,37i9dQZF1EP6YuccBxUcC1
1735678969,Can't Be Mine,7gjav8NiUUdBrxKTTDHJFk,45,playlist,37i9dQZF1EP6YuccBxUcC1
1735679181,Little Monster,5fpj84RsT9cOTfWUCxBTXu,56,playlist,37i9dQZF1EP6YuccBxUcC1
1735679457,Aneurysm,0Pie5DFAHHxpkONFUsAI6s,63,playlist,37i9dQZF1EP6YuccBxUcC1
1735679660,When The Sun Goes Down,2zzLRQ78kKfPTx8FJQCdC2,70,playlist,37i9dQZF1EP6YuccBxUcC1
1735679832,Hitchin' a Ride,6WlmA3HPHuNIR2mxI8LkZF,59,playlist,37i9dQZF1EP6YuccBxUcC1
1735680048,"Steady, As She Goes",4xlEKYv7HmC8zXoJIbpZKM,63,playlist,37i9dQZF1EP6YuccBxUcC1
1735680277,Never Fight A Man With A Perm,4B4CQ84BBpHK5d02cWKUb0,57,playlist,37i9dQZF1EP6YuccBxUcC1
1735680439,Oblivion,3Ye5icBka8ODjcaEQakPvZ,53,playlist,37i9dQZF1EP6YuccBxUcC1
1735680674,Just,1dyTcli07c77mtQK3ahUZR,71,playlist,37i9dQZF1EP6YuccBxUcC1
1735680892,You Know You're Right,5O8L4I2S4izFGDjvP7xAKv,67,playlist,37i9dQZF1EP6YuccBxUcC1
1735681099,Na Na Na (Na Na Na Na Na Na Na Na Na),5BB0Jzw60KyfSTyjJqtely,67,playlist,37i9dQZF1EP6YuccBxUcC1
1735681226,Get Free,1JcGNoiwifg0MdJMVgJQYx,55,playlist,37i9dQZF1EP6YuccBxUcC1
1735681424,First It Giveth,0UEMTz9APWfoJHdlXDeIzm,54,playlist,37i9dQZF1EP6YuccBxUcC1
1735681662,Typhoons,5aFGo8wHEntVxFI8IF7Wuj,53,playlist,37i9dQZF1EP6YuccBxUcC1
1735681917,This Fire,3Obu3jvFSfgLF3pSbi64Vj,55,playlist,37i9dQZF1EP6YuccBxUcC1
1735682009,United States Of Whatever,6Jub05dvpbF4Im83NqMCUg,52,playlist,37i9dQZF1EP6YuccBxUcC1
1735682291,Heart-Shaped Box,11LmqTE2naFULdEP94AUBa,79,playlist,37i9dQZF1EP6YuccBxUcC1
1735682398,Threshold,0Zq9KrBsJSWfnIgEyXi05b,50,playlist,37i9dQZF1EP6YuccBxUcC1
1735682604,Sleep Now In the Fire,1MQTmpYOZ6fcMQc56Hdo7T,64,playlist,37i9dQZF1EP6YuccBxUcC1
1735682763,Loose Change,48wDtXGVFNZHANlDYTKMAW,50,playlist,37i9dQZF1EP6YuccBxUcC1
1735682966,Autoportrait,7kWwphH6Q6vu9WMtQIcrQf,50,playlist,37i9dQZF1EP6YuccBxUcC1
1735683118,Dumb,5gRcv46AMTrosmTOqrOV3Q,74,playlist,37i9dQZF1EP6YuccBxUcC1
1735683382,All My Life,6tsojOQ5wHaIjKqIryLZK6,70,playlist,37i9dQZF1EP6YuccBxUcC1
1735683545,Celebrity Skin,2V4Bc2I962j7acQj1N0PiQ,68,playlist,37i9dQZF1EP6YuccBxUcC1
1735683742,Dead!,0uukw2CgEIApv4IWAjXrBC,67,playlist,37i9dQZF1EP6YuccBxUcC1
1735683914,HOLIDAY,1dB0NylVkpjdOe8DiekIs7,54,playlist,37i9dQZF1EP6YuccBxUcC1
1735684126,Stay Away,0w7k0ZhHzkfEBsDmwp49xA,56,playlist,37i9dQZF1EP6YuccBxUcC1
1735684487,I Appear Missing,0Dv8OfSPwrXmNNbE70b9Dq,50,playlist,37i9dQZF1EP6YuccBxUcC1
1735684725,Take Me Out,20I8RduZC2PWMWTDCZuuAN,80,playlist,37i9dQZF1EP6YuccBxUcC1
1735684938,Supermassive Black Hole,3lPr8ghNDBLc2uZovNyLs9,77,playlist,37i9dQZF1EP6YuccBxUcC1
1735685169,Welcome To Japan,7bfocP7GYoLOutUYpTI8tx,58,playlist,37i9dQZF1EP6YuccBxUcC1
1735685321,Wanna Don't Wanna,2oHVOT0JHfD5YXYDklofjI,47,playlist,37i9dQZF1EP6YuccBxUcC1
1735685493,Hymn For A Droid,6e7LEf6iDAkshuWbpnqcKN,47,playlist,37i9dQZF1EP6YuccBxUcC1
1735685619,On the Back Burner,3dh3mOP8jfv4zbJl3HbuQK,58,playlist,37i9dQZF1EP6YuccBxUcC1
1735685808,Ten Tonne Skeleton,0vjYxBDAcflD0358arIVZG,52,playlist,37i9dQZF1EP6YuccBxUcC1
1735686024,Be Your Man,1FJvstEZF4vAUr3NcmEOyZ,41,playlist,37i9dQZF1EP6YuccBxUcC1
1735686255,She's Not Gone Yet but She's Leaving,4V1fFZJij2G72iELt517X0,61,playlist,37i9dQZF1EP6YuccBxUcC1
1735687428,5/4,5Q10MhatY5DkgBfbWUkRpN,53,playlist,37i9dQZF1EP6YuccBxUcC1
1735695778,Bloodbath (feat. Chino Moreno),7yXSsBfB6qvBJhmK1irhf3,55,playlist,37i9dQZF1EP6YuccBxUcC1
1735696026,Spit.,3H6KM1WMpTIMlwlJBwDBkV,47,playlist,37i9dQZF1EP6YuccBxUcC1
1735696363,Hypnosis,2UH4BOPtTsRVQBy7abPdat,66,playlist,37i9dQZF1EP6YuccBxUcC1
1735696712,Romance,1dr9fQuYZ6NtGuVqdMOTw1,53,playlist,37i9dQZF1EP6YuccBxUcC1
1735696900,Holy Roller,1LLiDI21J4WWlmqk7zsm9v,60,playlist,37i9dQZF1EP6YuccBxUcC1
1735697206,Pisces,5t8NXa2fugcTPsTfhVILmS,57,playlist,37i9dQZF1EP6YuccBxUcC1
1735697415,One of Us is the Killer,7iiAr6XnvGhkvD2Whv2a7e,47,playlist,37i9dQZF1EP6YuccBxUcC1
1735697877,The Offering,1lXAzSbRH4VXrqgFuPQSFp,64,playlist,37i9dQZF1EP6YuccBxUcC1
1735698031,Spit,35UePqF4pjXRtIsF7jLBFi,49,playlist,37i9dQZF1EP6YuccBxUcC1
1735732056,On the Level,4RpwQDPnn1GhWpZooUcCzd,65,playlist,6bYdhADwAwPJNXrc2i3nSY
1735732296,Windowpane,0SfIHS5x1gOCVVvnYFbw26,46,playlist,6bYdhADwAwPJNXrc2i3nSY
1735732451,Marigold,40VSbBSYbPN10vJYeZq4tm,62,playlist,6bYdhADwAwPJNXrc2i3nSY
1735732722,Yes I'm Changing,0xtIp0lgccN85GfGOekS5L,66,playlist,6bYdhADwAwPJNXrc2i3nSY
1735733014,Fake Plastic Trees,73CKjW3vsUXRpy3NnX4H7F,73,playlist,6bYdhADwAwPJNXrc2i3nSY
1735733204,The Age Of The Understatement,5WXMS6w7Gvb02b6bx4eBSF,49,playlist,6bYdhADwAwPJNXrc2i3nSY
1735733389,Only Ones Who Know,71ytDkCnYc11VRiRCrhDHX,62,playlist,6bYdhADwAwPJNXrc2i3nSY
1735733510,Recently Played,4Grli0SlPSpMKAJDeZURG2,44,playlist,6bYdhADwAwPJNXrc2i3nSY
1735733766,Life Is Simple in the Moonlight,4ileLT7ldd2uX8bMemWqbm,53,playlist,6bYdhADwAwPJNXrc2i3nSY
1735733969,Go Outside,0V8jGgK39sLsj2yAHHPigU,48,playlist,6bYdhADwAwPJNXrc2i3nSY
1735734179,She's My Collar (feat. Kali Uchis),3lIxtCaROdRDuTnNBDm3n2,70,playlist,6bYdhADwAwPJNXrc2i3nSY
1735734361,365 featuring shygirl,5xyaPwLmgoyGlDDu2H0Uix,66,playlist,6bYdhADwAwPJNXrc2i3nSY
1735734550,F*Me,2uQW9N6ObJYPV9HKgl1AAH,59,playlist,6bYdhADwAwPJNXrc2i3nSY
1735734699,mr useless,1HogDCzANgKv9mE8MgeYKg,52,playlist,6bYdhADwAwPJNXrc2i3nSY
1735735088,365 featuring shygirl,5xyaPwLmgoyGlDDu2H0Uix,66,playlist,6bYdhADwAwPJNXrc2i3nSY
1735735521,One More Hour,0mO6oS60RST2sWmN2FKknP,70,playlist,6bYdhADwAwPJNXrc2i3nSY
1735735953,Paranoid Android,6LgJvl0Xdtc73RJ1mmpotq,68,playlist,6bYdhADwAwPJNXrc2i3nSY
1735736139,The Bourne Identity,2QrfU81khdENzp0NcE47q1,44,playlist,6bYdhADwAwPJNXrc2i3nSY
1735742331,Suck It and See,0LxeKwg9t7HOnyfv4bTALT,59,playlist,6bYdhADwAwPJNXrc2i3nSY
1735742618,"Of Moons, Birds & Monsters",0w8dULoVhTuC8x8m8PKwX7,50,playlist,6bYdhADwAwPJNXrc2i3nSY
1735742840,Selfless,2t0wwvR15fc3K1ey8OiOaN,67,playlist,6bYdhADwAwPJNXrc2i3nSY
1735743648,Piledriver waltz,3s5ogvexUgA6XjNj37zpnP,57,playlist,6bYdhADwAwPJNXrc2i3nSY
1735743932,Empire Ants (feat. Little Dragon),3a6PN6BRB8PP3ms48s7kU1,66,playlist,6bYdhADwAwPJNXrc2i3nSY
1735744234,Lazuli,2TIJiqr72Qe9tGd26fStIN,47,playlist,6bYdhADwAwPJNXrc2i3nSY
1735744515,Subterranean Homesick Alien,2CVV8PtUYYsux8XOzWkCP0,63,playlist,6bYdhADwAwPJNXrc2i3nSY
1735745659,Subterranean Homesick Alien,2CVV8PtUYYsux8XOzWkCP0,63,playlist,6bYdhADwAwPJNXrc2i3nSY
1735746016,Apocalypse Dreams,7qU7vhCPKhkDiJYGoboISc,52,playlist,6bYdhADwAwPJNXrc2i3nSY
1735746235,M.R.,31T93onltAjRxJ6I8MqsHT,40,playlist,6bYdhADwAwPJNXrc2i3nSY
1735752153,555 (Ángel caído),28V0SoeCaBHlGUARQ32RDI,39,playlist,6kHC2f0XGppRYEnUvrriwR
1735752312,999 (BDSM),2TzQLWRlpeTAY4YpZudJ6p,44,playlist,6kHC2f0XGppRYEnUvrriwR
1735752489,444 (La señal),65GL1SwqJKjAO0YsHDWbBE,45,playlist,6kHC2f0XGppRYEnUvrriwR
1735752673,Psicópata,08UGOUerE8c79VPGmUzrkW,37,playlist,6kHC2f0XGppRYEnUvrriwR
1735752951,Cicciolina,5cefK6l4Sj8ExWsX8xNFzn,34,playlist,6kHC2f0XGppRYEnUvrriwR
1735753170,Cyberia lyr3,3AbIvwEMtuSspLL6eXwt4p,42,playlist,6kHC2f0XGppRYEnUvrriwR
1735753475,Donkers,6kvjzDjx2Z3z23xRq13xMu,46,playlist,6kHC2f0XGppRYEnUvrriwR
1735755080,Miss You,4tRhRLBxIZ34Iw0eCuiC03,63,playlist,6kHC2f0XGppRYEnUvrriwR
1735755342,Lapaka,52uWkylb2yKNfQDxgFLcxu,35,playlist,6kHC2f0XGppRYEnUvrriwR
1735698697,Rotoscope,5LJmf4fMXEvO1PdlCBKwRz,54,playlist,37i9dQZF1EP6YuccBxUcC1
1735780454,HARD,4tuWS8iuaCr0o7rH81bVIo,41,playlist,6kHC2f0XGppRYEnUvrriwR
1735787654,Lets Go,5SQkRMPBIjsmEF3PXBZNGJ,46,playlist,6kHC2f0XGppRYEnUvrriwR
1735788093,Bla Bla Bla (Abbentenza Mix),02dGTrfu6KPmhEhKGY5kgD,30,playlist,6kHC2f0XGppRYEnUvrriwR
1735788422,Crash96,326bBMJ92wbiAMJdCyxyZG,38,playlist,6kHC2f0XGppRYEnUvrriwR
1735788817,Phenomena,3gXyAQxTKRKhXuOJPYThJz,28,playlist,6kHC2f0XGppRYEnUvrriwR
1735849960,From The Start,43iIQbw5hx986dUEZbr3eN,81,playlist,7ipInbQwkoOL1clqnEupNU
1735850240,Disco Yes,2fvdQ1Uq04qE4RLN5zKBXS,57,playlist,7ipInbQwkoOL1clqnEupNU
1735850370,Maybe We'll Wake Up - Demo,1vusJF4pEe8rD1RALUkyQJ,33,playlist,7ipInbQwkoOL1clqnEupNU
