id,name,album_id,artists_id,duration_ms,explicit,isrc,track_number
5ATwGbGDPUoSfAx4KaDyYH,Throne of the Sunset,6rH3SOru96QCO7DKgCZkiS,['7lAi1Cv19DsukgGjbZQxFg'],248891,False,DEYO62300055,1
0UgeVRL35S4V4Fl1vo9wnZ,Sargon,34oqLtLHLZhdn5R3HKK9aI,['4vATWjWf6AYUj0tyKD6sDM'],256519,False,PLB381600843,11
2DayUFU47R0WQQsvB3KPk3,Wake The Dead,7JfMevv73honn9mW7ZenHs,['7t2C8WwLyKUKRe0LVh8zl9'],187629,False,QMRSZ2301008,1
2kUkZRk6U2GaJq0z5SsKWz,Better Off This Way,6I2SUr0MolRUiDEcZAbSWm,['4NiJW4q9ichVqL1aUsgGAN'],206360,False,USVIC1060306,6
2avKuMN2QXkaG9vvHa2JLt,Take A Look Around,5mi7FKaWE5CtcOjdyxScA7,['165ZgPlLkK7bf5bDoFc6Sb'],321040,False,USIR10000604,10
0edkTedyqhtNI2xoN4iY1I,NAIL5,7tZHRFl7eypO0M1RzBwMfk,['6bu7CtcOMWcS0BMq7snHW6'],153626,False,US5262426479,4
3x9DnkPnyREL1svd0zgTEX,O.D.D,5tmwmVxyvt2RmFTBPxOQiR,['37mOmrBhYDEfRM1aSp91bl'],238702,True,QZ4JJ1614866,1
2eagADnpxQacZXpQxlZ8n3,Doubt Me,5WmbnLQhy8ndx8S7puEolG,['6vwjIs0tbIiseJMR3pqwiL'],190773,True,USP6L2301694,3
2DlHlPMa4M17kufBvI2lEN,Chop Suey!,6jWde94ln40epKIQCd8XUh,['5eAWCfyUhZtHHtBdNk56l1'],210240,False,USSM10107256,6
23tIMOKXZLdzaSD8eNHTQq,Traitors Never Play Hang-Man,4MLbQDok6AsPdNR9M0pgz8,['1Ffb6ejR6Fe5IamqA5oRUF'],217000,False,GBEGS0500019,4
3nOMlhisvsYPIAGRlsYIMC,Prick,60awL9wRAPqkETLzNgVGvi,['62elZbH5Iop8UPcChp7OrU'],126063,True,USSTT1900240,6
3CPsNHnbQiQ2NAlSqu9HFr,L Entité,58oTEzlYekVlexuT06UJ59,['51NIL49MVTWeXEC8LoVrQ0'],330213,False,QMZNK1600055,3
0tZ3mElWcr74OOhKEiNz1x,Bulls On Parade,24E6rDvGDuYFjlGewp4ntF,['2d0hyoQ5ynDBnkvAbJKORj'],229466,True,USSM19502563,2
0RSkbK5eWAPY5W5l5Q08zf,Baba Yaga,37XaKB6rpfLrR4572PBCSs,['24Oiw7BlvO1BETecDLJt6m'],255000,True,USYFZ2153203,3
6GicQlvsDDiM9HMz1XRlSG,25 Thousand Volts,4GcdVVvVYRL6gtD5hQ1343,"['2LuVfFRyJa4bxFrvqTZ4Ts', '7zC8Dq1lkaEADdWmRiNV0j']",147512,True,QZHZ62261633,1
2EdZIRMxTX4lfbGzLLRh8f,2nd Sucks,6I2SUr0MolRUiDEcZAbSWm,['4NiJW4q9ichVqL1aUsgGAN'],147626,True,USVIC1060305,5
1fUacP7XP697l6ry01oO4d,Antivist,6IYPmM3xsOPL2XPSvf1ZAz,['1Ffb6ejR6Fe5IamqA5oRUF'],193640,True,GBARL1202420,9
79yXiVM8QbotM46zcevzUO,$WING,24nqMPW9CLAZj0rIZL2tB7,['1B0155rdv175D1tQ8VH7Oy'],172353,True,GBDHC2442401,1
6bo9WfTpX4pSsd0HZO8neM,Save Face,0LV8a81HrP6fPxEPXvVjS7,"['2ARLxGqlg0rKKxe6bPHXtV', '5B2GfbXgossZt9SE08Iqn6', '3GzWhE2xadJiW8MqRKIVSK']",383760,True,QZTB52281332,1
1INksmStBpxdNlBzwGUvsg,Out of the Black,0BFzNaeaNv4mahOzwZFGHK,['2S5hlvw4CMtMGswFtfdK15'],240572,True,GBAHT1400097,1
3ERlkLtr5K5C7VUqlDcNSR,People,0o5xjCboti8vXhdoUG9LYi,['3mIj9lX2MWuHmhNCA7LSCW'],158845,True,GBK3W1901063,2
2tWhiQJQSTa5WE3eiByOf1,a bulleT w/ my namE On (feat. Underoath),1k7OXnGQPV4zF3seDwRroD,"['1Ffb6ejR6Fe5IamqA5oRUF', '3GzWhE2xadJiW8MqRKIVSK']",260625,False,GBARL2400561,7
7I50EtrBjzjZmHwLj7BeFl,ANYTHING > HUMAN,4syhGzikXsrKqlOUA9s9ld,"['3Ri4H12KFyu98LMjSoij5V', '2UoOdQyBGyzrEfxcY77ce0']",235092,False,USYFZ2408308,8
2G8PweZBBwTpyP8vpNQJK2,Caraphernelia,01dcOm8Whefyve6zChrq9Q,['4iJLPqClelZOBCBifm8Fzv'],268480,False,US3X51016104,4
2noG6CdOerX5r5PBtf8E0s,Gore,3huLY9RkqS1S9CVIWNHpwh,['7zC8Dq1lkaEADdWmRiNV0j'],179082,True,US7VG2143918,2
6T3EnxsNJDW5SnpFYfDhT4,Spoiler - Recoil,4kHC7Gb3Lc9TcjAk2FjzHU,"['6DFJfhZxwWe1yKQvRDJmdl', '1NRudBLaT84LXxfsYdFMhB']",240000,False,CA5KR2137199,1
29ZSMUsptm2ZiJkSx4uVrZ,Touch the Corpse,2HTzM4EE1C2wMcY770FWWW,['1Hse4lep7I9RUgQ3Ro1NgX'],166948,False,uscgj2133489,1
1LLiDI21J4WWlmqk7zsm9v,Holy Roller,4OXoBlapQygTdzAifJm8BL,['4MzJMcHQBl9SIYSjwWn8QW'],173174,False,QM6N22091479,7
2l4vknC44ORyfGrae5Y2JB,Third Class Citizen,6hXET2AFbfsqENDgr6VKUJ,['02nZLQtQ4vL5iHyp6atBrh'],210000,True,UKTY72300001,4
1mt96PNdA3hhC0Xk0tRJUy,HEDONIST [RECHARGED],4syhGzikXsrKqlOUA9s9ld,"['3Ri4H12KFyu98LMjSoij5V', '1NRudBLaT84LXxfsYdFMhB']",203647,True,USYFZ2408305,5
38kQoVxbkB6SKLJMBGJMOK,Stop The Party,5SE3lKypXDVn9ElCf0o7Sx,['4zoN3D2RviWzWeHvkT3wWO'],186756,True,UK9AV2300156,1
32lCeuuXKTwvzfwuc5LdRK,Freaked (Long Version),19NEvTqpuY1OIdotcYiGMt,"['62me5s0cOQW390yg6cocWG', '6Jm8KViMNCuYjzrO1hJkcT']",266813,False,QZ9MD1700011,11
1IT0WQk5J8NsaeII8ktdlZ,King For A Day,661Hz0qJK8WIp7vAWsqKvk,"['4iJLPqClelZOBCBifm8Fzv', '3M9XAM57a4qFz3v6Lq27t2']",236293,True,US5261216604,4
0wcDNYK0YxqiODQ2UwnfsT,CROSS ME,7vKNtOYlGmXNbx4QN5Og0u,['3uPce3TKw7cjheMNhuhNs9'],181398,True,USSTT1900230,4
795M6PSmpncW2oh1CAFCpJ,Sodium,7vUSt58QJ68laxgrRViHdk,['75mafsNqNE1WSEVxIKuY5C'],231706,False,USC4R2105580,1
5h5n6mdcyAGH3Bkv6AFw49,Square One,6hXET2AFbfsqENDgr6VKUJ,['02nZLQtQ4vL5iHyp6atBrh'],189257,True,GBLFP2397905,1
6Nm8h73ycDG2saCnZV8poF,Dragula,2B4lHoTCpWbxQPTZmCOjnH,['3HVdAiMNjYrQIKlOGxoGh5'],222826,False,USGF19821203,3
2zAAXQbzIB5e2VpBiGI8SI,Into the Void,4OgyvunD0wEwor26qFeXr0,['4BKyei61gtyDFxlKhcvBJJ'],316701,False,QM5LC1900220,1
5IYf2klca6lYyOj7jhjF5j,Caterpillar,1su4sMJNmHerXssClObphO,['64uA1WO40WSspFUnUYirSt'],205200,False,QZFZ72164225,1
7CAbF0By0Fpnbiu6Xn5ZF7,Kingslayer (feat. BABYMETAL),0e1WaSNDZnoPixaxDNdWo4,"['1Ffb6ejR6Fe5IamqA5oRUF', '630wzNP2OL7fl4Xl0GnMWq']",220041,True,GBARL2001276,6
72gsO6toabLUqHCBIp6il8,It's Halloween,6ZHqRn2Ok9iPnEf27stDW2,"['71FIBhvBrEocQMF3DKDIEI', '0A51LEnyTnXX33IyuwM0Ts', '7HifubxN0gO1nHbRIqWhrY']",122143,False,QZRP52287500,6
1w2yLabkggvY64JilKWL73,Machi Bhasad,5FyTGmAKo6HBRGzB3NE4IY,['4HFpzehKjow2WqU4EJ6Wy9'],244555,False,QZES71952793,1
309M1lVXfZI27dDAeeJHtt,Fukstar,0AGZmPToQJuD4DTh6bFGQ2,['1NRudBLaT84LXxfsYdFMhB'],216253,True,USUM72210995,4
22UdbIgSutRXERGzirZc8Z,In Constraints,0PkxIDjdvpCvfJDucmDpce,['5ZPr0RHsR3DrAhtsYMsfHR'],139025,True,GBDHC2337201,1
2n6GxGqXp8sNRkSoelts7y,Club Anxious,1KmIlAUwYihKolZyF3kZHc,"['3l1Z9XFIBCJXaxfpussnIZ', '17Vw9uuOYB7XYjPt0LNFN0']",236885,True,QZGQV1900010,5
2JOYAjpbutUFqxHYncleLf,Super Fiend,0AGZmPToQJuD4DTh6bFGQ2,['1NRudBLaT84LXxfsYdFMhB'],208760,True,USUM72214393,2
6i9IwU1zrAQu46yZVCQJBd,D*E*S*T*R*O*Y,5c7w4meKrNJY5pT8n3Oskg,['08ET100WDKcE5HzPSWBJYg'],94612,True,TCAFO2164546,1
5TqJ7Y1LmaJtrQfkRwTFCE,Sticks & Bricks,6I2SUr0MolRUiDEcZAbSWm,['4NiJW4q9ichVqL1aUsgGAN'],196653,True,USVIC1060301,1
76LGCP0g9nVknR7HD2Jjyp,Not The American Average,5TCwGgyw8ZXXyKIcUFCj47,['1caBfBEapzw8z2Qz9q0OaQ'],279226,True,USYFZ0902209,9
0rWIAbUoOL67JAHxxGRKx7,Puzzles,4LULr4Lz6obf9eL2BA0tiJ,['7I95CM75shzCjHuTzrepjM'],161560,True,UKGV82200005,1
0SuhR57lVDnnxWQdfsXvuR,PIRILAMPO,249ymAktXFSKOCAe1IRy5i,"['5932gYdqLCu1ftKVXf1PO4', '3NP4jJcW3R6qO6rbtnH0wn']",290769,False,GBCFB2100562,4
5viZ8CLipufc1Q1NXpMRNN,AmEN! (feat. Lil Uzi Vert and Daryl Palumbo of Glassjaw),1n9nqA87ulG7FxxVrpULRA,"['1Ffb6ejR6Fe5IamqA5oRUF', '4O15NlyKLIASxsJ0PrXPfz', '6GcRo52zMhZXYOsEkMyMrX', '7nt6S4klYHg4I7Q4lTSmc0']",189552,True,GBARL2300647,1
1COOaXjTMj3KF7BTNF4rn6,Inexplicable,5n410n5GCO2cb0PmN0uxTJ,['3VvmUsYPzFheK2wJGKcXxp'],250053,False,GBFEK1700388,7
6CcJMwBtXByIz4zQLzFkKc,i love you,0S0KGZnfBGSIssfF54WSJh,['6qqNVTkY8uBg9cP3Jd7DAH'],291796,False,USUM71900773,13
5TFGStvx07PrdqAwCqcfk1,When You Wash Your Hair,0DMKZZanrzK36YjFyI5nfF,['12j6dJrPXanCBwY599pZxf'],192648,False,QMBZ91908411,10
0fdaw54L9HswP2QVYJjnx6,concrete,4otlYN4uGurlL16mvgeIHT,['2efrqekWSHlvhATD50AG3m'],212000,True,USQE92100245,1
5QR7L5wiz7dnvrXnhOC6f3,born a worm,0jSbGFLr7uwPvPcrxrwdvx,['4pzjm2iMtclScYmoJ7q9tD'],143131,True,USA2A1704502,10
4wMR4fRKMTyUJG6VAsmccv,Riot Van,50Zz8CkIhATKUlQMbHO3k1,['7Ln80lUS6He07XvHI8qqHH'],134933,False,GBCEL0501186,7
2kPYU6yN0LfBZC67J45MJg,Honey,5kNlXRgH4imZfk8MciMwAA,"['0tMnuEXTeJeHbslcV8OybJ', '3Uqu1mEdkUJxPe7s31n1M9']",268146,False,QMV8L1724802,2
2yURdflFgT9fkD4dDp3Z94,To Sleep,33cj3kzLqVOg9zvy69Wrc8,['0QWrMNukfcVOmgEU0FEDyD'],192386,False,GBUM72003620,12
6XyjwF7CAwuEaW77noJr6I,Sleep Apnea,4qC8mysA680i7chkL3JQQw,['1bwUhKRmEkOZ1wuTnV9XjC'],146293,False,QMMZN1300102,3
05vrUd9ocpUYUQMqXyto1v,White Space,6DWN7dWflNJx4mApWXBjj1,['1Bfk5r6g6fXLaMoESYbePK'],256500,False,GBKPL2017235,2
5Ved8UIuLCJkcCZvp7Oc1C,Blue,5j70jrJlMUJq2vDcJHf2zU,"['6pGuw52TrX5SZPdQSxAvgW', '2s4evfvMB1HbNMGak6pDUB']",195731,False,TCAHA2353744,9
0HWWt7Nv69TSuaVc5Woy7O,Little Blue (feat. Brandi Carlile),1vAsPmIGCKf9Pt2p4feAfa,"['0QWrMNukfcVOmgEU0FEDyD', '2sG4zTOLvjKG1PSoOyf5Ej']",265306,False,GBUM72307989,1
6JOqUUsfwG22CfLKAmq5v0,Entangled Life,4gNYz0tvcVDBz3MxY4Zgsh,"['4DeNifehM5D1zRykX8512D', '6hV6oxGLeLFw17DGjIPkYD']",43152,False,GBKPL2019977,1
6hM35CfZMbhVm3XRwsotn7,One Day,0O7OksUTZP06QhuRoUzzKG,"['1n02UdnML6G4wR162YsSRi', '0QWrMNukfcVOmgEU0FEDyD']",268625,False,QM24S1802301,1
6uYhrewzoLkE4HOEEOVl2i,Fall,0s4MqsG2KEwWeYIL0CnhbG,['0BXnfQpsxFevtKePq6eX4y'],112384,False,QZDA82286021,1
500UbifF9XkKd2HgqmsnKu,The Golden Hour,4oP74Bm7s1nytdCkp1geHL,['7jOY91ZU7kn86slH3fBbaD'],118937,False,QZDA41873703,6
08F9kUK06EzJVWNsus1Xgq,Darlin' don't Be Late,5uV5cai6VPXvq9fmtvlRWn,['2a4lU7F8toqKpb5v6Ftqya'],307402,False,TCAEO1996123,8
0ivwnHxm9O76ruklFPWCpp,Once You (feat. Suzie Collier),47bMDS4CMLbqcIVjEMWUjK,"['0QWrMNukfcVOmgEU0FEDyD', '7JYdpWAsiqzrmMB3qxkEbI', '5gGbAKDXhDoBXIJe8SuBvX', '5XIFwcSH0tPFy0BcETPvKa']",563999,False,GBUM71807064,8
7E2MggUPZ0v9lIM9yQhBas,Elvis,2mkrh0IGlWoh1AtKS7cyCK,['7MZIDz9tE0iPbZHmA1XaJ8'],202372,False,USLZJ2209508,1
1qzhvRq7oZLCZt4wVLvoVN,Four,5buuVlUsXgk31H2obh5mLE,['458aS6ALc3QkzwfR5USt34'],158373,True,USA2P1950643,5
7uGD7HQMi8zFj1JEvYK1ot,Big Cloud,3Wc0YFoix2vAhwc8UmRkFJ,['0HMLp79IAd9Z8zMgxqpyxn'],189727,False,USA2B1700327,3
2cX5koYbXtrs4IpnVxHx7A,Trophy,4hlZNsmD2CoVWAbr6GnEYb,['4kSGbjWGxTchKpIxXPJv0B'],192373,False,QMB622100307,7
1RMJOxR6GRPsBHL8qeC2ux,Best Part (feat. H.E.R.),3xybjP7r2VsWzwvDQipdM0,"['20wkVLutqVOYrc0kxFs7rA', '3Y7RZ31TRPVadSFVy1o8os']",209831,False,CADDS1700022,2
3jfZ9M23l0L7RxzYMTgBTv,Looking Out for You,7slouenWhZDdDZibkS4nR3,['4jCIAMb0zEArF3GYEYzoDk'],179499,False,GBJET1500070,1
4FRcooqZAeiri8Gynx3TF3,Belly Side Up,7K5KSdrusSD2O70NyAFhJk,['69f5J6OIgAP1G54zQfesv1'],255160,False,GBDHC1778908,8
5LrN7yUQAzvthd4QujgPFr,Here With Me,3rrrTOHiXGzuW4FP7t0O1A,['5y8tKLUfMvliMe8IKamR32'],242484,False,QZMEM2209263,2
51IQiksa4xcv444XWJ7tDs,Set it on Fire (Extended Version),56WxbRcxGJdlLMJyCL8r6D,['1kDqy7SpqyJ7aZi7cqSBis'],295000,False,QM6N22278252,1
2JEZdhsjF848Elx2XO3onI,Typewrite Lesson,3Wml3n8kxQ1S14zXynLduY,['2vJObElaIZWYDLpiXiJMo9'],346226,False,JPWPO1071117,17
3xhZUcAznddvVl0mWE9foc,Who I'll Be,6Nezw5bO4YN7hrNa2xBxcz,['6brxwggDm8Er0hBtxO0JrW'],264228,False,QZDA61904197,4
0q6LuUqGLUiCPP1cbdwFs3,On Melancholy Hill,2dIGnmEIy1WZIcZCFSj6i8,['3AA28KZvwAUcZuOKwyblJQ'],233866,False,GBAYE1000010,10
5ozUuxIQmRNmM38XlIhKxg,Swarm Swamp Swim,6Z5g1Vx3OsI2ay8xbVXbYT,"['1AgxgADPuRIW1wyaA4OKcB', '6hV6oxGLeLFw17DGjIPkYD']",185370,False,GBVHN1900009,1
2HUxk47ocPuBDzOBIj8xG7,"Skeleton Appreciation Day in Vestal, NY (Bones)",4x833aD0AmISeZZE2lx3Hn,['13pwqHspIhcy1IcAooefso'],244560,True,QMAAK1576502,2
0ACoy3rzW779jyh76PI3UD,On Top of the World,2IuEv7SRKYayOZ6CKUzdZE,['4cnFw4bkIWVGKUBsr93OS5'],239044,False,TCAFQ2155611,1
6mPsXbce09tlhJSrBtLVcx,Stone Or Lavender,456WeVeZk38VJuqg2sL7QG,['43JlwunhXm1oqdKyOa2Z9Y'],329800,False,GBCFB2100033,11
1ZgMsA55GIY7ICkQh5MILA,Space Song,4SkZTSXdPpzTbf6C0m1UKv,['56ZTgzPBDge0OvCGgMO3OY'],320466,False,USSUB1512203,3
1FxJuNa4VIHtK45sFAR2ab,Laughing on the Outside,74VMM7JU2EqRQEWxRjhQc3,['6QwBhFIOXWri9BNtwoIlKY'],140453,False,USCW61705209,9
4fjzDf54eBNOlW45mNe14U,Souk Eye,1amYhlukNF8WdaQC3gKkgL,['3AA28KZvwAUcZuOKwyblJQ'],274760,False,GBAYE1800417,11
13bvLz5UWMYh1S8Zcyxh5a,Knots,5jkGq5lwa40asXsTXqnCTS,['5QGL1jcaTUSU4FWSY2Lzi9'],178040,False,USJMZ2000011,11
7fkEpPNcC7pIxobJhceYOg,Disappear,57Xg6JumEnG5i5MBzJVdT7,['6uIst176jhzooPMetg2rtH'],233386,False,GBCFB2200263,8
1BLOVHYYlH4JUHQGcpt75R,Ode To The Mets,2xkZV2Hl1Omi8rk2D7t5lN,['0epOFNiUfyON9EYx7Tpr6V'],351786,True,USRC11902734,9
1034gvAhQZdLBbGvGRs5PD,Sentimental,5YFiRzfeBj7OxhnzvGX6zP,['75OAateHuZqLOOKCjw8VQj'],250385,False,CA2JN1900008,4
0wEo4mwfs6tXYgCem9m9wP,The Wind - Remastered 2021,7ez8WRX4sGhKHZryJPJCNg,['08F3Y3SctIlsOEmKd6dnH8'],102986,False,GBUM72104751,1
7cIzH5nBtAMGX7woHj0ubJ,Orange-coloured day,2C0Ph5jfNoHIP6yyDsIF7U,['5zVu34ozw0BzXIcNHqkO0u'],168218,False,USUG12401836,2
3qR5qRQptcfTnNxhDikgHo,Sens à la limite,5IPitUyJSjHfVlxF2QyKYq,['1NvSNQaybQB7W6AfbhPvwy'],153339,False,ES26E2300074,5
1aagrgk94erGgbJNzMSvty,Beware of the Dogs,0E1M8jS13CQ4MibjrIqtpW,['2mHjhKyKCLh6MZELuCe1Es'],215327,False,US38W1937210,10
38CnBT7s4WHptbuW7ttRwj,Sky Above,3zNi5dCpkbm4zv7h1vGOMy,['0QWrMNukfcVOmgEU0FEDyD'],251733,False,GBUM71903194,2
38YuwNZvCHCMgju2Z1EbO4,heart of the woods (ending theme),6bmDiNtwe0MgJtdBFu62Oc,"['21tDFddcOFDYmiobTcls2O', '1faC7aPWF4ixGI1Qgu7ort']",193734,False,QM24S1903512,1
0OuOPYd05eORfLw94apb8j,Street by Street,16JUiUeNlBM9cdIyyuN6nw,['7gW0r5CkdEUMm42w9XpyZO'],224098,False,QZDA42007629,1
1ovZe7upcqycTuPFfOg6kB,complex (demo),4iHBCJPZUha2xs84jNZ4jc,['2xCYQunn7ZXK6qOwXWPvcF'],256107,False,GBARL2201889,1
0HAqq2GcQKyi3s87GuN7jU,Amoeba,32ium7Cxb1Xwp2MLzH2459,['3l0CmX0FuQjFxr8SK7Vqag'],228922,False,USUG12101891,2
3qFp7WxvzHbJV6q03GBHYJ,bored like me (demo),2oMbQ7W1QddUdasTYrJdzE,['21TinSsF5ytwsfdyz5VSVS'],122057,False,QMBZ92061356,1
6mOiT65GFmXgBAviM3lrsE,No Buses,3tEGBDGnejHf4mx1YSqKnb,['7Ln80lUS6He07XvHI8qqHH'],197320,False,GBCEL0600172,4
54z3RmcOd1zkkfvHMcmGMb,Moonsetter,2aGpYLE095ndUaPgrkiW6Y,['6eA0EL50jkh6fORlUbivHk'],172512,False,QZBRF1866048,1
5cbVQm11IEZieWTgX1UT25,The Moss,5dNVrubv14f6Qifna7D0bX,['6hV6oxGLeLFw17DGjIPkYD'],242567,False,GBKZV1424960,1
4ROtaPYggXhf9bYV99fHBW,Trust The Light,7o5y1ttfkpL6zf6P2uCYPQ,['7fVp0A6oCMfiQJihMnY0SZ'],99523,False,TCAAS1001908,5
21B9uYkOU8YNeEoT1MAThK,Ofelia,6srokU4vNJ3tpKdGnXhQo0,['27CC3tpq7WQR25M03jKTZm'],257736,False,QZDA71810897,1
2jxCJAQLi7BphBGboUiXoo,Goodnight Daydream,4Vcfu9qYGEO3blWUtLVrMk,['2GQdMSFx2PVb7tupWGU0wV'],289350,False,QZDA71869379,5
4RVwu0g32PAqgUiJoXsdF8,Happier Than Ever,0JGOiO34nwfUdDrD612dOp,['6qqNVTkY8uBg9cP3Jd7DAH'],298899,True,USUM72105936,15
2gG2PBhDbYr5necUZGQV9j,Closer,5z0O1rSh0eesSA1Rxk3WQm,"['4uTkTk20MIh9aiPEsZdsoE', '5BALRwYTmJOG5R1I8QaDwm']",277026,False,SEBPA0400069,1
3ThbiGsMJGSLOUHVxyFQQk,Old Soul,4NWvFq8Cst2Y5iHOouXtMz,['0hDjKSKjl1DC7ovYTDJHe8'],186666,False,GBKPL2089420,1
138qk4FBTOtBcrwJC7r8uS,Bonedigger,1HZrdVgSZaffGoAJyn6v94,['5as7SW1R7ACUdkVtmcG7TG'],387386,False,GB7QY1400160,9
49sFu3Kz7zf94qT27b2ZF9,DOWNSIDE,0uJRPvtoXw3k9377EVqShK,['0Raaw7kr1Vzat4ZvHzjsJR'],212822,False,USC4R2338155,1
6RFRUvajtQdmxUPgSeY6tF,Home,6Wpawdx7fSuBAKY0t793fx,['1ZN1c1qWEGZNX1pGeKCPpf'],455693,False,QMUU81911565,5
12l2XM75QCGVCXM37Ktxzs,I Wish I Never Met You,5ZII0xlYQqaeLrnsflv5DU,['6Y2m4AEOS9JFrsK2goyg7T'],211744,False,USUYG1211997,5
6DNCn8t3gwjNDWMOahEwI7,Like Me,6rIM5BWk5RR7ILEmIz24Sx,"['2OfJOtcTmunKs2iIXGC9Ak', '3tc5O6Blz62oYIm6cy6nDN', '2imEuRuSqnOYb6c0JhNb35', '5iDcZ7vN17Cq55AbEqy0aC']",155090,False,QM24S2103440,1
3SCtDdJZ0aKYfJsOQUr5CT,Levers,0AOrNPv4dRKhBAdOsjMrjV,['1IMFkgZ2ZpHknO1v2n97CH'],399426,False,QZBRF1897082,4
0RjG5JmdOWXAR68dGlKBA5,Hidden In the Sand,2TN3NIEBmAOGWmvP96DFs5,['7lqaPghwYv2mE9baz5XQmL'],112960,False,TCAAY1158683,15
1Tdcb66Gwr5sczO5CJhmPc,Poor Grammar,3DjTiR2VRYtZgPeK660iO8,['7dIpKWlEeAljA20vFJ82RD'],156906,False,TCABL1398894,3
5odlY52u43F5BjByhxg7wg,golden hour,69AaAkdktFGnk9POmHENkT,['164Uj4eKjl6zTBKfJLFKKK'],209259,False,GBKPL2204171,3
2wZTxjnKdOpgPLi85ItFlr,One Step Ahead,2XClSOjimwtkeWYPo53mHG,['6PkSULcbxFKkxdgrmPGAvn'],129127,False,USMAR1813202,2
35NX4IIsuOOm6isMzTdqtQ,I Kissed Someone (It Wasn't You),2oMbQ7W1QddUdasTYrJdzE,['21TinSsF5ytwsfdyz5VSVS'],150937,False,QMBZ92061364,3
5Mf8pNKP5NlUKL2cbE81iU,Summer Rain (feat. Madison Cunningham & Chris Thile),13r6eqjYlKELFQlNvVCBz1,"['0QWrMNukfcVOmgEU0FEDyD', '3h9TfIgwhovQELlP2jj4xL', '1dyGPAYZZHHW6WIqwKN5QF']",291200,False,GBUM72310484,7
3VXjddpF7Nb6B95vIiCbuW,Granada,1HCi2zkvXMIxx5cSOZi0mt,['0RZewmdiKrFtejSJ3jfmGs'],192000,False,UKS422200048,2
1rOKAsJZJDIikOKDeUfPRV,Last Words,3SKVtzmihlnGFylW5nC5kj,['1rHOtdmGNr5vcYNw5v7QGC'],109586,False,GBBKS2200111,11
5JjWxPZwXqJpJwAHR8C9yW,When - Live at NPR's Tiny Desk,09doKWQAdgL5up0rN1KPWl,['21TinSsF5ytwsfdyz5VSVS'],218750,False,GBCEN2300065,3
7jaLaID7RPRzgbV8sO5rXc,Perfect Instance,1nPJmrzu2WfmRuLYSobd3e,['4DkYxtaASIKQnk4Gj0TB7k'],253061,False,TCADB1742065,1
7yIoiP1spudd0cuRL6NB9E,My City,0uJIxkI8D0rR4shEIKeiDs,"['3NBmfDV6Yh3hjuQUBVvYgO', '2Z7gV3uEh1ckIaBzTUCE6R', '1r1uxoy19fzMxunt3ONAkG']",244360,False,USJ5G1918807,7
0Gefx5Na9ZomisjCjNrDOj,Smile,3RkbsewdmGrOl1u6F6UfrN,['1faC7aPWF4ixGI1Qgu7ort'],142211,False,GB-SMU-56-03116,1
2n6Q4EEnQGhqikpO8bNAtD,From The Gallows,7q8hYYZgsIQCXibLzwiPll,['0Raaw7kr1Vzat4ZvHzjsJR'],162591,False,US5262023723,5
6WhXTXxUvM3GMI667mLj8s,CHILDHOOD,00txDYFrU4LjWqwKE8iQJA,['6FBDaR13swtiWwGhX1WQsP'],257795,True,USSM12306536,19
1e3TQn0NhAiofH4Zy5AA6b,SHALLOW (PPL SWIM IN SHALLOW WATER),5SgHbxeN3aPBeLfFXOqnxj,['4EnymklUyqZwvmHQGlRssl'],229619,False,GBK3W2202115,1
4dkxQNsQUboUQ2I4wXkE0d,Little Blue - Mahogany Sessions,5xyxuwmqYBy2a2tM4AOLhJ,['0QWrMNukfcVOmgEU0FEDyD'],453364,False,GBUM72311079,1
7dEfPc5hx7ozXL8PEKxTsy,Gabe's Song,6bm5mnH7QIgNtSjUcac7cf,['3M8JKaNdIRChzvxVK1XxKm'],289965,False,TCACG1501741,5
1BgQeIBv6rJZdehXC4kUEl,Echolocation,4D5tG18YpHkMXjxaIB1H9F,"['1FQhMTazeDe98Cm6o3uMj6', '6hV6oxGLeLFw17DGjIPkYD']",263008,False,GBKPL2164461,1
2AeAs4QkiiUUfJry33YFHL,The Floor is Lava,4KZpa0xw1x461XjX5fijWu,['69f5J6OIgAP1G54zQfesv1'],350720,False,USF283096012,12
6COgubDl3KXdCZdUZgt2Qb,Friends,3Od5B5rqrhXuukkHeWh9ZY,['61Tcgk1noIrzpU5cgetCql'],397450,True,QM6MZ2165168,1
5jYkyOIoEeWZobedmHM50N,Susie Save Your Love,47wRFo2As9zFmg6E5VVa8H,"['0wnYgCeP013HkKoOyC5V32', '2uYWxilOVlUdk4oV9DvwqK']",238880,False,GBKPL1975990,9
7vb2OD6XVxjhbLFWwPpgBe,honey thighs,0yLZWXk9iw5SPCcYyGDn1Q,['2ygluM9w0lmulZrMJ1pI0i'],284441,False,GBKPL2095296,1
7I1vlE14zJWh6u61bBHwZa,I'm Happy You're Here,3Zx2Nf6UEEMQalr2NHLKZt,['5V1vRp27m0PLepQehI2tnf'],481610,False,CAHQJ2207802,1
0uuqx1tCpNBFEMOdlcWb3y,gravity,7DGJptjoOPBXYYym7s9j7x,"['1ZcnsSFqWusWlRK01vKE6b', '20vuBdFblWUo2FCOvUzusB']",232946,False,AUBM02200119,9
2R4AlwtrrkMaRKojcTIzmL,For the First Time,4NNq2vwTapv4fSJcrZbPH7,['3Sz7ZnJQBIHsXLUSo0OQtM'],182306,False,QMMZN1701301,4
7tGEAA1f8MydT7eVbbO9Zy,WHEN I WAS OLDER - Music Inspired By The Film ROMA,0LgnntyagLdfW5Dz2OSYHU,['6qqNVTkY8uBg9cP3Jd7DAH'],270519,False,USUM71900059,1
1WllmxRTFxdLwgfF5xyxdT,No Ho Has Entès,1Dl1qEFPn65fXEXHiCZadY,"['7DIjIDnFSYofxjb1ARdOM5', '3NP4jJcW3R6qO6rbtnH0wn']",213267,False,QZW9L2386014,1
4WHInLldbOqJb0GTo5BwpR,Black-winged Stilt,035Ay6cmgYeUsTTiHuuwUB,"['11PSrxL3fUwegNhxdfP6zE', '2XSRKLos8HfSc0XGTeihoR']",229606,False,TCADP1852179,1
0DIUEQTtscGDZZCpyc4ypr,TTCL,2TwdfXTB6TUMObapDUysmW,['7LlIWfvgWlDBXfxCvCFbuC'],169230,False,QM24S1842229,2
0QLMAhZQACGtzi11XZVa6A,Lonely Town,2cZ4rjMOn8zz1ToKSBQVWa,"['7pXu47GoqSYRajmBCjxdD6', '2a4lU7F8toqKpb5v6Ftqya']",174614,False,TCADW1815716,3
7yR5ZDif2glYMnFP73uRMm,Out Like a Light,5WkeRCxwT334ZsVni6JzLN,"['2BL3PP6aTKJ1jqbRgfQa71', '0ZUvK7zGdXLd78mQr3t1Tw']",256018,False,USQY51754031,1
3nur4bNfmRCoLFxk9ubHHK,Home Is,47bMDS4CMLbqcIVjEMWUjK,"['0QWrMNukfcVOmgEU0FEDyD', '32nW8kGbs65y8CSlIvREuc']",345270,False,GBUM71807062,1
4EcoXZhvbU3qS7ORWUEcVI,Take Me Where Your Heart Is,0oHFSP4uqDes9sOZQu43Jz,['22vqVhfPJab5kkU9txDGX3'],192896,False,USQX92003607,3
275XKjLmQFuZnxTvvtJ6VZ,Never Gonna Be Alone (feat. Lizzy McAlpine & John Mayer),13r6eqjYlKELFQlNvVCBz1,"['0QWrMNukfcVOmgEU0FEDyD', '1GmsPCcpKgF9OhlNXjOsbS', '0hEurMDQu99nJRq8pTxO14']",250200,False,GBUM72203164,11
1Gh2ei6BJlppER2kjUx7L9,In Too Deep (feat. Kiana Ledé) – Acoustic,2F88pNDPEwuDUe0d83VS5F,"['0QWrMNukfcVOmgEU0FEDyD', '7jZMxhsB8djyIbYmoiJSTs']",203009,False,GBUM72005007,1
6U2T7UhOLjJUUKNNacEgaO,We Spent the Night on a Star,7BcIzx9SauntO8nMPoxrLn,['4Rus30xX4FOv2cyeFI79Qh'],145301,False,QZES92132252,1
0TdKkn7KOskuWfhxEa6MMF,By Being With You,55lbT7xxjAaY8nsHv9iuxd,['6hV6oxGLeLFw17DGjIPkYD'],129412,False,NLRD52352740,6
4mL3gs1HONGGLaZyW6OYMq,Close One,49YsmuVR4Dk9iC2m5LPSKy,['0zooagBp2tYdvvSLp74S7U'],235887,True,GBUM72302378,5
0QbV35CKd6pEG6NurX3ckZ,The Garden,7wOosKPp2hjtrdmbn7aBQS,['2vI9KFm0fwSfPrpEgOeIbq'],438081,False,USNO11800866,1
4dtP86vkhzwNXCFpCtizce,Secret Door,5IEoiwkThhRmSMBANhpxl2,['7Ln80lUS6He07XvHI8qqHH'],223066,True,GBCEL0900445,4
6hU4BnBJjN6by7RFFmx3yG,City of Lights,1iCBFVMvmf9kwHSZIGDKty,"['0Xjtselvq13TzhtPlo7g0r', '2j6asjJTdzpuwZZXsQVtSH']",299062,False,USMRG1759301,1
3zY9V0dYqTe1VhwB6NifR0,Goodbye L.A,5fHlhNUCnmReuTJcC3PrJQ,['1ztTVMgVpMa4gESKeL60xU'],256546,False,ushm81584887,10
69EPDihTXUrRhHAcFRNbx5,Take Me to a Higher Place,6BwMnR9yKSmf5P5PZFAhlq,['6pGuw52TrX5SZPdQSxAvgW'],199924,False,QZK6L2264606,5
2Tedf9PFL7W3YnspllPAh9,Tender As A Tomb,31x40Om0bdifHoipsR80U8,['1ybAN3utgdoUL1MUCtH4QM'],162760,False,USFLB1900960,7
1M4RBYTXHTWCEoEcgz4yZH,You Gotta Go Through Me,4LsFjd6Se6lEsughB7sXhF,"['2a4lU7F8toqKpb5v6Ftqya', '0ZHYWjY4CjSi7BHBiuw3QN']",297216,False,TCAGW2386790,6
59qmUODXmHXiWwvG8WdzEW,Love Is a Beautiful Thing,2cZ4rjMOn8zz1ToKSBQVWa,"['7pXu47GoqSYRajmBCjxdD6', '2a4lU7F8toqKpb5v6Ftqya', '2Oq3sgFa2HSvRY0vL6bDxN']",233314,False,TCADW1815720,4
3cUxncrTWSA9lhlQbuIwUY,Stuck on the puzzle,3OqRGywivnQ0IeClUeUa4n,['1ctkBmvz80MGyi72Ix055S'],211053,False,GBCEL1100045,5
2x8evxqUlF0eRabbW2JBJd,Fluorescent Adolescent,1XkGORuUX2QGOEIL4EbJKm,['7Ln80lUS6He07XvHI8qqHH'],183893,False,GBCEL0700067,5
6SmV1Oo24nCZBPzIYkL4HZ,Alter Ego,1DNSmmRLfv97Yjq7MTFWng,['5INjqkS1o8h1imAzPqGZBb'],287906,False,AUUM71000133,3
0zvNw5l0l7mgq5WujF05Wh,Bubblegum,4US9i7IJDjL89GJEOnTFgd,['1cahIYMTwdmZtcjAq48MUC'],218031,False,ushm21942809,8
63OQupATfueTdZMWTxW03A,Karma Police,6dVIqQ8qmQ5GBnJ9shOYGE,['4Z8W4fKeB5YxbusRsdQVPb'],264066,False,GBAYE9701368,6
6oZYLz0vZy8HhqwioRYtTp,Territorial Pissings,2UJcKiJxNryhL050F5Z1Fk,['6olE6TJLqED3rqDCT0FyPh'],142946,False,USGF19942507,7
7FjR8KdR8LCd2eFRWpVcb6,She Said,1241CJxIJ8vOGA1rW2dhgx,['5WvFLGeK0O8imCwfQF1j3b'],179945,False,CAB391802302,1
5txH6topQylTHnb4lZMdQ1,Pork And Beans,58UmKPMguFuYtGMVNol95V,['3jOstUTkEu2JkjvRdBA5Gu'],189400,False,USUM70811232,3
2mPMFJvQ0v27gVqe5b6nDn,Hash Pipe,2OBSz5Nlto0Q5CtYPzPY7c,['3jOstUTkEu2JkjvRdBA5Gu'],186533,False,USIR10110319,3
0bGImSqDB2ebdeoCidUC8o,BLACKOUT,2NrYPcMmQBlbBxopc2XlzS,['2qnpHrOzdmOo1S4ox3j17x'],173279,False,NLA322100050,2
3mYCd23hPxJW5okSvMoy3x,Heart In a Cage,1HQ61my1h3VWp2EBWKlp0n,['0epOFNiUfyON9EYx7Tpr6V'],206173,False,USRC10503560,3
6GtX0jaNL8IjVQfrDBx81z,Bullet With Butterfly Wings - Remastered 2012,55RhFRyQFihIyGf61MgcfV,['40Yq4vzPs9VNUrIBG5Jr2i'],258466,False,USVI21200897,6
4jU7NPkz4HVnM4hweqNhI1,Blue Orchid,3rHeq4F5wnaLBjNtuz7Yvh,['4F84IBURUo98rz4r61KF70'],157560,False,USVT10500076,1
3PyPpABRA2bTGhNwPd66H6,Breed,2UJcKiJxNryhL050F5Z1Fk,['6olE6TJLqED3rqDCT0FyPh'],184040,False,USGF19942504,4
4YbslGpDoOgJgH8wqSdfaP,Garbage Truck,3q1e0dxZARuaHxZkLzgErK,['0epidpyARaIPmKpFUwcgnJ'],103880,False,US3841000025,8
6y20BV5L33R8YXM0YuI38N,No One Knows,4w3NeXtywU398NYW4903rY,['4pejUc4iciQfgdX6OKulQn'],278746,False,USIR10211291,2
44wXefe8WB9Fd6xwtmAwbR,Monkey Wrench,30ly6F6Xl0TKmyBCU50Khv,['7jy3rLJdDQY21OgRLCZ9sD'],231480,False,USRW29600001,2
4YFcGTdgmEuw8xTO4XrxbB,Zero - Remastered 2012,55RhFRyQFihIyGf61MgcfV,['40Yq4vzPs9VNUrIBG5Jr2i'],160173,True,USVI21200895,4
0QpST3fcy7z1xcdFGFTk3D,DVP,3l94HZBpKFTn1plZ1WWQPf,['6A7uqgC2N1nUhrCLAytHxN'],148893,True,USA6G1661502,2
1rzYrkxgRuLLJDqWdB32pK,Little Sister,03srSIJshSQQOh2vJ3uVZi,['4pejUc4iciQfgdX6OKulQn'],174026,False,USIR10401154,7
0wzRcekWyVCSyPtlPOeJau,Go With The Flow,4w3NeXtywU398NYW4903rY,['4pejUc4iciQfgdX6OKulQn'],187146,False,USIR10211290,8
21Qsj3cMVCx2xF2EVVNbEu,Fell In Love With a Girl,6Xvc1TfpVEhDeHhmTQEtp0,['4F84IBURUo98rz4r61KF70'],110093,False,GBBKS0100352,4
61XspFITuKmAlYdQacNCbF,Bleed American,0UJhhj5bn5AGAjryFnhueP,['3Ayl7mCk0nScecqOzvNp6s'],181493,False,USDW10110237,1
6IRzBP4gVoV4D2zHmocoWy,Eternal Summer,2xkZV2Hl1Omi8rk2D7t5lN,['0epOFNiUfyON9EYx7Tpr6V'],375320,False,USRC11902730,5
4L5r9XNiWJ7cbqcIiNvVes,The Hand That Feeds,1PuCoaLQNyCeaLBgGtNyW3,['0X380XXQSNBYuleKzav5UO'],211680,False,USIR10500420,4
44JEbGi3NxptsEuxDNGiAR,3's & 7's,1w71aBHYJ1zTOsSsmr2Fca,['4pejUc4iciQfgdX6OKulQn'],214066,False,USUM70732853,8
4FN395EYfdCGrBthUfJzug,Spiderhead,5nJ9B1KiydXoYWAcyqlG76,['26T3LtbuGT1Fu9m0eRq5X3'],222813,False,USRC11301161,4
54pvEYFocTlvIAQOfXSjqV,Alone Again (Naturally),6LoUAyxzjVgwIIYBZOM6xQ,['4HVmeVTQBgvTuvjB1JYwaf'],221373,False,GBEQJ0400002,15
5ByJlcDmUzK69tpub789AB,Dead End Friends,0Z6IBizcq7DLXpenjSHqF3,['4zYQWYmtimAEmI6WWEzGfO'],195531,False,USRW30900006,4
0vrlOGhCwK3xqy1xNUQJHj,Obstacle 1,2OhUWm2KJay2YWeItU9YcH,['3WaJSfKnzc65VDgmj2zU8B'],251293,False,USMTD0254502,2
60eVCXFCuw1WYswBuNZc4H,Jenny Was A Friend Of Mine,4piJq7R3gjUOxnYs6lDCTg,['0C0XlULifJtAgn6ZNCW2eu'],243933,False,USIR20400268,1
7G8hUONVhvJnkD3Ak8mNF1,Soma,2yNaksHgeMQM9Quse463b5,['0epOFNiUfyON9EYx7Tpr6V'],153933,False,USRC10100771,3
3NfqN997u9A3YAAafgzhIa,All I Think About Now,5F9YYEKDxenkRpyuovdqZe,['6zvul52xwTWzilBZl6BUbT'],187320,False,GBENL1601640,9
7f9I5WdyXm5q1XqnSYgQZb,Brianstorm,1XkGORuUX2QGOEIL4EbJKm,['7Ln80lUS6He07XvHI8qqHH'],172866,False,GBCEL0700061,1
1D3YGmST01Ba0WRiT7THPG,I Sat by the Ocean,5T5NM01392dvvd4EhGrCnj,['4pejUc4iciQfgdX6OKulQn'],235586,False,USMTD1303752,2
6i99ThziImjuFABb8rUQvy,11th Dimension,4rP54hT8fzDosnCtzQyBRF,['1rAv1GhTQ2rmG94p9lU3rB'],243333,False,USRC10900512,3
6BT7qiDY4A5tOyklohjQuW,Monkey Gone to Heaven,0DQyTVcDhK9wm0f6RaErWO,['6zvul52xwTWzilBZl6BUbT'],175333,False,GBAFL9700103,7
3jjQHULAVn71k40mKwGMiV,Juicebox,1HQ61my1h3VWp2EBWKlp0n,['0epOFNiUfyON9EYx7Tpr6V'],194573,False,USRC10503421,2
6zPOdhLim2vbcLo0rfjDjq,Evil,5NUna7cH8t5yLMgBxmW4NL,['3WaJSfKnzc65VDgmj2zU8B'],215826,False,USMTD0461602,2
6bGnkppjxJJY4HeOQ5dheD,Incinerate,57V5TA5DLxNvwPCPyXW1tB,['5UqTO8smerMvxHYA5xsXb6'],295813,False,USUM70602004,2
78Gzxi27GuNHTfkn2BylG4,What Ever Happened?,3HFbH1loOUbqCyPsLuHLLh,['0epOFNiUfyON9EYx7Tpr6V'],169506,False,USRC10301518,1
3td69vL9Py7Ai9wfXYnvji,When You Die,7GjVWG39IOj4viyWplJV4H,['0SwO7SWeDHJijQ3XNS7xEE'],263880,True,USSM11707036,3
01T0Kq5YOIRF9BQRXJsyfe,Portuguese Knife Fight,0nW0w37lrQ87k7PLZvC4qJ,['26T3LtbuGT1Fu9m0eRq5X3'],217893,False,USRC11502830,10
7pwULzYydZdjJX3SiqQ5bR,Aberdeen,2jVxhH1xg6EIc87rGM1Ogt,['26T3LtbuGT1Fu9m0eRq5X3'],192920,False,USJI11000233,2
0uLI1jac8ZJSSRG4QJDo3J,Still Ill - 2011 Remaster,6cI1XoZsOhkyrCwtuI70CN,['3yY2gUcIsjMr8hjo51PoJ8'],201746,False,GBCRL1100032,7
1W2ViUGBEyp02hg2p45mzL,Caught by My Shadow,1tBvoPo5ySbTidJz91AuO5,['1Li0eIWeMeWcOOWpImcG9H'],183382,False,USVR91535303,3
3RdQfyk7BBxxIx0zSnCBIw,The Hardest Button to Button,6D9urpsOWWKtYvF6PaorGE,['4F84IBURUo98rz4r61KF70'],212888,False,USVT10300009,9
48X4D1FYOShPz2VF3YdfCF,House Of Cards,5vkqYmiPBYLaalcmjujWxK,['4Z8W4fKeB5YxbusRsdQVPb'],328293,False,GBSTK0700008,8
4t6vrJg7GcUELCAxHX1z5W,Half Full Glass Of Wine,78FAAvXmfdj0VKUuUEYeoV,['5INjqkS1o8h1imAzPqGZBb'],266626,False,AUUM70801193,3
4KC2Z9dL4jL61Ys35N6srg,Barely Legal,2yNaksHgeMQM9Quse463b5,['0epOFNiUfyON9EYx7Tpr6V'],234733,True,USRC10100764,4
5h4y42RUKwYKYWgutNwvKP,"There, There",5mzoI3VH0ZWk1pLFR6RoYy,['4Z8W4fKeB5YxbusRsdQVPb'],323600,False,GBAYE0300722,9
3Yub3anoLj8w58TVpEXUJv,It Is Not Meant To Be,1DNSmmRLfv97Yjq7MTFWng,['5INjqkS1o8h1imAzPqGZBb'],321533,False,AUUM71000131,1
0RwXCC1iiZEfoKCtuGhrHS,The Meeting Place,2y3Rm0cT1xbf2NoTQwKv99,"['2Z7UcsdweVlRbAk5wH5fsf', '1ctkBmvz80MGyi72Ix055S', '3M0H4efyA5YcijrKlaKbYn']",237960,False,GBCEL0800165,11
0fz4xxZhSBR4mUOyBcaoT5,Chasing My Tail,6O9YDn12I4WQxUBQE9tpnN,['5J81VungUjSVHxlPpTI9KG'],246789,False,US2S71673008,8
1dyTcli07c77mtQK3ahUZR,Just,35UJLpClj5EDrhpNIi4DFg,['4Z8W4fKeB5YxbusRsdQVPb'],234800,False,GBAYE9400060,7
2mDYYGaGd9uXKkK2YhDA3i,Brooklyn Bridge To Chorus,2xkZV2Hl1Omi8rk2D7t5lN,['0epOFNiUfyON9EYx7Tpr6V'],235946,False,USRC11902728,3
31ENsHZWhAD9XVtCcoOw1J,BNR,4hlZNsmD2CoVWAbr6GnEYb,['4kSGbjWGxTchKpIxXPJv0B'],181360,False,QMB622100302,2
40DwUg5zPX8H23WpTdD2iW,You're So Dark,7FwV5ibe9JVQZvnR9brOz2,['7Ln80lUS6He07XvHI8qqHH'],182751,False,GBCEL1300585,2
6WZjjf4mKurHPC5BhdGwet,Ode to Viceroy,2XgBQwGRxr4P7cHLDYiqrO,['3Sz7ZnJQBIHsXLUSo0OQtM'],233817,False,QMMZN1200050,5
6AAYNz8jXvVlgG9IpYi42Z,Hunnybee,2swiA7ANSFyAHKJhkD4mNR,['1LeVJ5GPeYDOVUjxx1y7Rp'],268333,False,US38Y1832204,4
3U3uvOHNxa3ODEiD9H6oVr,Nina,6DxidEI7EhF8md8ev83iNY,['4kSGbjWGxTchKpIxXPJv0B'],200280,False,QMB621900202,2
03F0Hspx6mEkiiYqEzVu5u,Standing Next To Me,2y3Rm0cT1xbf2NoTQwKv99,"['2Z7UcsdweVlRbAk5wH5fsf', '1ctkBmvz80MGyi72Ix055S', '3M0H4efyA5YcijrKlaKbYn']",142653,False,GBCEL0800156,2
70LcF31zb1H0PyJoS1Sx1r,Creep,3gBVdu4a1MMJVMy6vwPEb8,['4Z8W4fKeB5YxbusRsdQVPb'],238640,True,GBAYE9200070,2
5vHLwhxxlGzmClMcxRRFPr,Lithium,2UJcKiJxNryhL050F5Z1Fk,['6olE6TJLqED3rqDCT0FyPh'],257053,False,USGF19942505,5
6K4t31amVTZDgR3sKmwUJJ,The Less I Know The Better,79dL7FLiJFOO0EoehUHQBv,['5INjqkS1o8h1imAzPqGZBb'],216320,True,AUUM71500303,7
3BIzHNxAQbRTY4LCp1oMR1,Tesselation,6O9YDn12I4WQxUBQE9tpnN,['5J81VungUjSVHxlPpTI9KG'],152824,False,US2S71673004,4
71ytDkCnYc11VRiRCrhDHX,Only Ones Who Know,1XkGORuUX2QGOEIL4EbJKm,['7Ln80lUS6He07XvHI8qqHH'],184760,False,GBCEL0700068,6
6cnw3JOLMgBYA2PLydO8mU,All the Rage Back Home,39amRvW6vOU5rS13wTVknM,['3WaJSfKnzc65VDgmj2zU8B'],262426,False,USMTD1404915,1
0QuFdq1oVppQIHZx8TkWhm,The World Is Crowded,2aoI8tkPq9NBvGiARD0KoR,['1LeVJ5GPeYDOVUjxx1y7Rp'],259600,False,US38Y1526206,6
6wxDu7ISgm5nppPMea4W7D,Pieces of What,6mm1Skz3JE6AXneya9Nyiv,['0SwO7SWeDHJijQ3XNS7xEE'],163773,False,USSM10702133,7
6UO72VSXEONxdfLyABihs9,Black Star,35UJLpClj5EDrhpNIi4DFg,['4Z8W4fKeB5YxbusRsdQVPb'],247040,False,GBAYE9400063,10
2cop62KNgi55QqIozb5bMf,Aviation,6q1ZuWCnYTQb7KhXHZo947,['2Z7UcsdweVlRbAk5wH5fsf'],223915,False,GBCEL1600006,1
1VrUeEmCs6wGwPkWuEFr09,little person,3C7TLQLW8cXiDoogT7Hrlj,['12j6dJrPXanCBwY599pZxf'],201034,False,CAN112000237,1
2vfPsGhqMbqmhjMGQ52dYf,Locket,4pKJ14jcQKqko0cVBYoeWR,['4kSGbjWGxTchKpIxXPJv0B'],318378,False,TCADC1793184,4
15VRO9CQwMpbqUYA7e6Hwg,The Man Who Sold The World - Live,1To7kv722A8SpZF789MZy7,['6olE6TJLqED3rqDCT0FyPh'],261093,False,USGF19972704,4
2rtGaCAeYtmcIvuZsvgTf6,How to Disappear Completely,6GjwtEZcfenmOf6l18N7T7,['4Z8W4fKeB5YxbusRsdQVPb'],356333,False,GBAYE0000813,4
2fyIS6GXMgUcSv4oejx63f,Mardy Bum,50Zz8CkIhATKUlQMbHO3k1,['7Ln80lUS6He07XvHI8qqHH'],175440,False,GBCEL0501188,9
5xyaPwLmgoyGlDDu2H0Uix,365 featuring shygirl,36P07bti6xD99o7S1acmin,"['25uiPmTg16RbhZWAqwLBy5', '3M3wTTCDwicRubwMyHyEDy']",121273,True,USAT22408102,15
2uQW9N6ObJYPV9HKgl1AAH,F*Me,5n9y2KxRgl817mLecTNKxH,"['3M3wTTCDwicRubwMyHyEDy', '4qUk32dcxFNOv89M0iUItq', '1QsdzIKkTT5gDFj8GB1cIX']",188348,True,GBMVH2401160,1
2O99aywAVBhaPrsiJ6zbSS,'Cause I'm A Man,79dL7FLiJFOO0EoehUHQBv,['5INjqkS1o8h1imAzPqGZBb'],241986,True,AUUM71500298,10
7kzKAuUzOITUauHAhoMoxA,Last Nite,2yNaksHgeMQM9Quse463b5,['0epOFNiUfyON9EYx7Tpr6V'],193506,False,USRC10100765,7
5M4yti0QxgqJieUYaEXcpw,Eventually,79dL7FLiJFOO0EoehUHQBv,['5INjqkS1o8h1imAzPqGZBb'],318591,False,AUUM71500296,5
1W0OCrMsRP1SLTEdw3JwEz,"Sweet Dreams, TN",6q1ZuWCnYTQb7KhXHZo947,['2Z7UcsdweVlRbAk5wH5fsf'],236252,True,GBCEL1600011,7
7FJ7lHtpbWvPKe3zCoeAWC,Kansas,1amYhlukNF8WdaQC3gKkgL,['3AA28KZvwAUcZuOKwyblJQ'],248493,False,GBAYE1800410,4
6Yu1OL8I0D4vjOzYdsXYGK,12:51,3HFbH1loOUbqCyPsLuHLLh,['0epOFNiUfyON9EYx7Tpr6V'],153133,True,USRC10301489,4
5GGP2S487OmXSQ8Vp2sJHb,Saturnine,5gdWHfwu68jqPbxXxMDyL6,['09K1H1DgyIXHsMx2j7KTFX'],381106,False,GBUM71505932,8
1HogDCzANgKv9mE8MgeYKg,mr useless,2nORxS6P2LcQHuTHbH8rgZ,"['3M3wTTCDwicRubwMyHyEDy', '0GG2cWaonE4JPrjcCCQ1EG', '4qUk32dcxFNOv89M0iUItq']",149506,False,GBMVH2300940,1
0HFb9ouBk4UmuYT6gvvElo,The Hunter,5wzGjIYYUnx1jtosNeqTdR,['3xByNj8XW17oW0wsJhgzYL'],180573,False,GBUM71405968,1
5OVHnu9SgsdAravy4UyGq4,Helicopter,1VpqO2dBJdAS3YAimXlhEM,['3MM8mtgFzaEJsqbjZBSsHJ'],220173,False,GBDNH0400364,2
5muVpPu8Fj9fXfDbbqDdrZ,Love Buzz,1KVGLuPtrMrLlyy4Je6df7,['6olE6TJLqED3rqDCT0FyPh'],215203,False,USSUB0983405,5
5kxVyCgEUND7E2QKG7JmoF,Teddy Picker,1XkGORuUX2QGOEIL4EbJKm,['7Ln80lUS6He07XvHI8qqHH'],165000,False,GBCEL0700064,2
37gG4GPeTRPKKdXYx3zTRC,Song For The Dead,4w3NeXtywU398NYW4903rY,['4pejUc4iciQfgdX6OKulQn'],352453,True,USIR10211293,4
2vQQfWTanvD99OeHLAoyhW,From The Ritz To The Rubble,50Zz8CkIhATKUlQMbHO3k1,['7Ln80lUS6He07XvHI8qqHH'],193426,False,GBCEL0501191,12
0knbMPVHpFbsx38pLoYSRs,Hysteria,2Eq6RyxCm7qEAF2YLOxa4s,['12Chz98pHFMPJEknJQMWvI'],227023,False,GBAHT1901186,8
2UKARCqDrhkYDoVR4FN5Wi,Plug in Baby,1Dh27pjT3IEdiRG9Se5uQn,['12Chz98pHFMPJEknJQMWvI'],218000,False,GBCVT0000025,5
7ajm14wJT1HiZOVCf4d00F,Kitty Sucker,3hS3M535B8REpnp1gCK2v6,['3r32a6mMdoPaSP1C7kYhMc'],224306,True,GB2ME1801835,10
48OJGqiTSwiUmDwLpAlGZ6,"You Think I Ain't Worth A Dollar, But I Feel Like A Millionaire - Album Version (With Interlude)",4w3NeXtywU398NYW4903rY,['4pejUc4iciQfgdX6OKulQn'],192493,False,USIR10211009,1
3MjrueDQKVr6xDDseZwhEd,Figure It Out,0BFzNaeaNv4mahOzwZFGHK,['2S5hlvw4CMtMGswFtfdK15'],183602,False,GBAHT1400222,3
0Pie5DFAHHxpkONFUsAI6s,Aneurysm,6ICrBzsbHVluGHP8wGK4Y3,['6olE6TJLqED3rqDCT0FyPh'],275600,False,USGF19950415,15
11LmqTE2naFULdEP94AUBa,Heart-Shaped Box,6ohX7moZZnF1FwYrli1OJ6,['6olE6TJLqED3rqDCT0FyPh'],281160,False,USGF19960703,3
5aFGo8wHEntVxFI8IF7Wuj,Typhoons,05aqnnpYVOvsX0SIzmIuxi,['2S5hlvw4CMtMGswFtfdK15'],236933,False,GBAHT2001121,3
0w7k0ZhHzkfEBsDmwp49xA,Stay Away,2UJcKiJxNryhL050F5Z1Fk,['6olE6TJLqED3rqDCT0FyPh'],211440,False,USGF19942510,10
2mvffzYUJ9Ld9xhsF5DUjU,In Bloom,2UJcKiJxNryhL050F5Z1Fk,['6olE6TJLqED3rqDCT0FyPh'],255080,False,USGF19942502,2
0Zq9KrBsJSWfnIgEyXi05b,Threshold,3q1e0dxZARuaHxZkLzgErK,['0epidpyARaIPmKpFUwcgnJ'],107280,False,US3841000023,13
6tsojOQ5wHaIjKqIryLZK6,All My Life,1zQ6F8gMagKcPL4SoA80cx,['7jy3rLJdDQY21OgRLCZ9sD'],263440,False,USRW30200001,1
4xlEKYv7HmC8zXoJIbpZKM,"Steady, As She Goes",4Z1sCXBHHKWCsScOLAfuig,['4wo1267SJuUfHgasdlfNfc'],215266,False,USVT10600052,1
3Obu3jvFSfgLF3pSbi64Vj,This Fire,0vi5ePiEHrGZJF7QhnDW2z,['0XNa1vTidXlvJ2gHSsRi4A'],254693,False,GBCEL0300196,7
5O8L4I2S4izFGDjvP7xAKv,You Know You're Right,5zBPRXCAc801vyHWoRurNZ,['6olE6TJLqED3rqDCT0FyPh'],217000,False,USIR10211639,1
3ox5lIXRf4r977FsE7JfXs,Stockholm Syndrome,2Eq6RyxCm7qEAF2YLOxa4s,['12Chz98pHFMPJEknJQMWvI'],296173,False,GBAHT1901183,5
2lxqOVJzuS0s1SgulAvkav,Cave Song,4Ot58H0rbFZycunXoYQKTT,['4KH4eOg39KeBpnfSgvIteD'],141008,False,GBUM71600610,1
1dB0NylVkpjdOe8DiekIs7,HOLIDAY,2NrYPcMmQBlbBxopc2XlzS,['2qnpHrOzdmOo1S4ox3j17x'],172020,False,NLA322100053,5
7gjav8NiUUdBrxKTTDHJFk,Can't Be Mine,04q0xbiK6k25UHW4yMbn9p,['7IPyXY4ZHkuvQY1ny8TnMQ'],124480,False,GBPR61800051,1
6WlmA3HPHuNIR2mxI8LkZF,Hitchin' a Ride,3x2uer6Xh0d5rF8toWpRDA,['7oPftvlwr6VrsViSDV7fJY'],171466,False,USRE19700487,2
3Ye5icBka8ODjcaEQakPvZ,Oblivion,05aqnnpYVOvsX0SIzmIuxi,['2S5hlvw4CMtMGswFtfdK15'],161253,False,GBAHT2001120,2
1MQTmpYOZ6fcMQc56Hdo7T,Sleep Now In the Fire,2eia0myWFgoHuttJytCxgX,['2d0hyoQ5ynDBnkvAbJKORj'],205600,False,USSM19920168,5
7kWwphH6Q6vu9WMtQIcrQf,Autoportrait,4m1P0dk7zsTTsE2BrkbhnU,['6FKokxvL5PCWIxrVhMyDgI'],202599,False,GBAJC1900434,1
1JcGNoiwifg0MdJMVgJQYx,Get Free,14rRGdr4K5UoaEFVw9jqBG,['7vkiEK5D7Gf0z4M1Va0CXD'],126573,False,USCA20200462,6
0UEMTz9APWfoJHdlXDeIzm,First It Giveth,4w3NeXtywU398NYW4903rY,['4pejUc4iciQfgdX6OKulQn'],198386,False,USIR10211285,3
0Dv8OfSPwrXmNNbE70b9Dq,I Appear Missing,5T5NM01392dvvd4EhGrCnj,['4pejUc4iciQfgdX6OKulQn'],360680,False,USMTD1303759,9
5fpj84RsT9cOTfWUCxBTXu,Little Monster,0BFzNaeaNv4mahOzwZFGHK,['2S5hlvw4CMtMGswFtfdK15'],212309,False,GBAHT1400096,6
3DQVgcqaP3iSMbaKsd57l5,I Bet You Look Good On The Dancefloor,50Zz8CkIhATKUlQMbHO3k1,['7Ln80lUS6He07XvHI8qqHH'],173680,False,GBCEL0501181,2
6YwYfxEFDUZZ1xX5vlBYmF,Cheer Up London,5wzGjIYYUnx1jtosNeqTdR,['3xByNj8XW17oW0wsJhgzYL'],153266,False,GBUM71500626,2
5gRcv46AMTrosmTOqrOV3Q,Dumb,7wOOA7l306K8HfBKfPoafr,['6olE6TJLqED3rqDCT0FyPh'],151893,False,USGF19960706,6
6Jub05dvpbF4Im83NqMCUg,United States Of Whatever,6LGx2GBdjcJb4naTlvyPMw,['4NlzjQkGReI7SiSeMNHbWP'],91226,False,USESC0300018,2
20j7B6mL9gnNvG3ic6Vwh5,Hate To Say I Told You So,1C4UGzx5gD9b3X0UfAhY7z,['4DToQR3aKrHQSSRzSz8Nzt'],200693,False,SEVHC0007060,6
5BB0Jzw60KyfSTyjJqtely,Na Na Na (Na Na Na Na Na Na Na Na Na),2wPnKggTK3QhYAKL7Q0vvr,['7FBcuc1gsnv6Y1nwFtNRCb'],205960,True,USRE11000909,2
4B4CQ84BBpHK5d02cWKUb0,Never Fight A Man With A Perm,2vBa3poU0e82yfPtxcn9lg,['75mafsNqNE1WSEVxIKuY5C'],228831,True,USBQU1800062,2
2zzLRQ78kKfPTx8FJQCdC2,When The Sun Goes Down,50Zz8CkIhATKUlQMbHO3k1,['7Ln80lUS6He07XvHI8qqHH'],202133,True,GBCEL0501190,11
20I8RduZC2PWMWTDCZuuAN,Take Me Out,0vi5ePiEHrGZJF7QhnDW2z,['0XNa1vTidXlvJ2gHSsRi4A'],237026,False,GBCEL0300192,3
2V4Bc2I962j7acQj1N0PiQ,Celebrity Skin,2KE8WCHtD8qnAxXeIzNEId,['5SHQUMAmEK5KmuSb0aDvsn'],162666,False,USGF19816401,1
0uukw2CgEIApv4IWAjXrBC,Dead!,0FZK97MXMm5mUQ8mtudjuK,['7FBcuc1gsnv6Y1nwFtNRCb'],195520,True,USRE10602904,2
27BEATf1JFhKDmwJdpGVSk,Boilermaker,05aqnnpYVOvsX0SIzmIuxi,['2S5hlvw4CMtMGswFtfdK15'],209480,False,GBAHT2001126,8
48wDtXGVFNZHANlDYTKMAW,Loose Change,0BFzNaeaNv4mahOzwZFGHK,['2S5hlvw4CMtMGswFtfdK15'],155986,False,GBAHT1400225,7
7iiAr6XnvGhkvD2Whv2a7e,One of Us is the Killer,2zOw7ZffXwBVLfjD0TMich,['7IGcjaMGAtsvKBLQX26W4i'],208177,False,USYFZ1335203,3
3H6KM1WMpTIMlwlJBwDBkV,Spit.,4N8vRR39A9ttCbAVW5Gztx,['1NRudBLaT84LXxfsYdFMhB'],248000,True,TCAEX2037214,1
5t8NXa2fugcTPsTfhVILmS,Pisces,34d5piioQWqO1vuqAHuFT1,['7o6cOczXTB8ioTAAJTbESf'],305571,False,ATN261667709,9
6e7LEf6iDAkshuWbpnqcKN,Hymn For A Droid,61gvdyrZybWdOsDBzSMdrj,['7GRrLcUxwtQLvOpO7OHO80'],207453,False,GBX721900152,3
0vjYxBDAcflD0358arIVZG,Ten Tonne Skeleton,0BFzNaeaNv4mahOzwZFGHK,['2S5hlvw4CMtMGswFtfdK15'],187853,False,GBAHT1400227,9
1FJvstEZF4vAUr3NcmEOyZ,Be Your Man,25MlJollkZc3FmArQ1svIY,['6FKokxvL5PCWIxrVhMyDgI'],215960,False,GBAJC1700171,2
4V1fFZJij2G72iELt517X0,She's Not Gone Yet but She's Leaving,7otPYa5dSxdo2WLgQKnaM7,['3M4ThdJR28z9eSMcQHAZ5G'],230200,False,GB5KW1301062,3
7yXSsBfB6qvBJhmK1irhf3,Bloodbath (feat. Chino Moreno),3cN3mENkACWuRCDOuQUtfw,"['4vGrte8FDu062Ntj0RsPiZ', '0Wfo0pd0KC47vx7uUEVOQ9']",230950,True,QMRSZ2200029,11
35UePqF4pjXRtIsF7jLBFi,Spit,1A1imsxjEk8FxR6w31vjdh,['5mlbvTfWUOfDrUIK6dkNzv'],150440,True,USYFZ2342101,1
1dr9fQuYZ6NtGuVqdMOTw1,Romance,1OKhPR0IeOTmyM5dqxSpMD,['6EFV3PmaXblKwNbvpkGv9l'],142520,False,US5261923213,7
1lXAzSbRH4VXrqgFuPQSFp,The Offering,5XWsBMTe4JPtH4qmvYUm86,['2n2RSaZqBuUUukhbLlpnE6'],349653,False,GBUM71902435,2
3lPr8ghNDBLc2uZovNyLs9,Supermassive Black Hole,0lw68yx3MhKflWFqCsGkIs,['12Chz98pHFMPJEknJQMWvI'],212439,False,GBAHT0500593,3
5Q10MhatY5DkgBfbWUkRpN,5/4,4tUxQkrduOE8sfgwJ5BI2F,['3AA28KZvwAUcZuOKwyblJQ'],162080,False,GBAYE0001409,2
3dh3mOP8jfv4zbJl3HbuQK,On the Back Burner,0ilaf8c9EPLfK3E1YqALaR,['3RHoFGKe6KE3LLml7ujPKJ'],126074,True,GBLFP1888235,1
2UH4BOPtTsRVQBy7abPdat,Hypnosis,4SD2UxRO9OgeSCQK0PN7cC,['2n2RSaZqBuUUukhbLlpnE6'],335960,False,GBUM72101264,2
7bfocP7GYoLOutUYpTI8tx,Welcome To Japan,4WnkQO4xD9ljQooB3VIxCV,['0epOFNiUfyON9EYx7Tpr6V'],230826,False,USRC11300078,4
2oHVOT0JHfD5YXYDklofjI,Wanna Don't Wanna,6jPxwvFm0kcZzflrloQPuK,['66YGDwn22fjphzqGCSIbbK'],151154,False,TCADU1879728,4
5WXMS6w7Gvb02b6bx4eBSF,The Age Of The Understatement,2y3Rm0cT1xbf2NoTQwKv99,"['2Z7UcsdweVlRbAk5wH5fsf', '1ctkBmvz80MGyi72Ix055S', '3M0H4efyA5YcijrKlaKbYn']",189560,False,GBCEL0800155,1
0mO6oS60RST2sWmN2FKknP,One More Hour,31qVWUdRrlb8thMvts0yYL,['5INjqkS1o8h1imAzPqGZBb'],432560,False,AUUM71900935,12
0V8jGgK39sLsj2yAHHPigU,Go Outside,0OvMqTVXYlNpWbGuxQrt6M,['3Oim8XBPbznAa8Jj8QzNc8'],203066,False,GBARL1100052,2
2QrfU81khdENzp0NcE47q1,The Bourne Identity,6q1ZuWCnYTQb7KhXHZo947,['2Z7UcsdweVlRbAk5wH5fsf'],185444,False,GBCEL1600016,12
3lIxtCaROdRDuTnNBDm3n2,She's My Collar (feat. Kali Uchis),0NvirtaDCaZU5PAW1O5FDE,"['3AA28KZvwAUcZuOKwyblJQ', '1U1el3k54VvEUzo3ybLPlM']",209560,False,GBAYE1700176,17
6LgJvl0Xdtc73RJ1mmpotq,Paranoid Android,6dVIqQ8qmQ5GBnJ9shOYGE,['4Z8W4fKeB5YxbusRsdQVPb'],387213,False,GBAYE9701376,2
40VSbBSYbPN10vJYeZq4tm,Marigold,6ohX7moZZnF1FwYrli1OJ6,['6olE6TJLqED3rqDCT0FyPh'],154280,False,USIR10400945,14
73CKjW3vsUXRpy3NnX4H7F,Fake Plastic Trees,35UJLpClj5EDrhpNIi4DFg,['4Z8W4fKeB5YxbusRsdQVPb'],290706,False,GBAYE9400056,4
4ileLT7ldd2uX8bMemWqbm,Life Is Simple in the Moonlight,6Jx4cGhWHewTcfKDJKguBQ,['0epOFNiUfyON9EYx7Tpr6V'],255240,False,USRC11100049,10
0SfIHS5x1gOCVVvnYFbw26,Windowpane,3177kbTL2CQMUeIojn2SdK,['5J81VungUjSVHxlPpTI9KG'],237300,False,US2S71504002,2
4Grli0SlPSpMKAJDeZURG2,Recently Played,4pKJ14jcQKqko0cVBYoeWR,['4kSGbjWGxTchKpIxXPJv0B'],120454,False,TCADC1793176,2
0xtIp0lgccN85GfGOekS5L,Yes I'm Changing,79dL7FLiJFOO0EoehUHQBv,['5INjqkS1o8h1imAzPqGZBb'],270680,True,AUUM71500295,4
4RpwQDPnn1GhWpZooUcCzd,On the Level,4NNq2vwTapv4fSJcrZbPH7,['3Sz7ZnJQBIHsXLUSo0OQtM'],227653,False,QMMZN1701308,11
0LxeKwg9t7HOnyfv4bTALT,Suck It and See,2ym2jcqckXqWeTDoxz3Kst,['7Ln80lUS6He07XvHI8qqHH'],225986,False,GBCEL1100202,11
3s5ogvexUgA6XjNj37zpnP,Piledriver waltz,3OqRGywivnQ0IeClUeUa4n,['1ctkBmvz80MGyi72Ix055S'],204880,False,GBCEL1100046,6
2TIJiqr72Qe9tGd26fStIN,Lazuli,600BVck2XflTAsEo0KhIfm,['56ZTgzPBDge0OvCGgMO3OY'],301866,False,GBBRP1233403,3
31T93onltAjRxJ6I8MqsHT,M.R.,6DxidEI7EhF8md8ev83iNY,['4kSGbjWGxTchKpIxXPJv0B'],217853,False,QMB621900205,5
0w8dULoVhTuC8x8m8PKwX7,"Of Moons, Birds & Monsters",6mm1Skz3JE6AXneya9Nyiv,['0SwO7SWeDHJijQ3XNS7xEE'],286720,False,USSM10702134,8
3a6PN6BRB8PP3ms48s7kU1,Empire Ants (feat. Little Dragon),2dIGnmEIy1WZIcZCFSj6i8,"['3AA28KZvwAUcZuOKwyblJQ', '6Tyzp9KzpiZ04DABQoedps']",283573,False,GBAYE1000007,7
2CVV8PtUYYsux8XOzWkCP0,Subterranean Homesick Alien,6dVIqQ8qmQ5GBnJ9shOYGE,['4Z8W4fKeB5YxbusRsdQVPb'],267693,False,GBAYE9701377,3
2t0wwvR15fc3K1ey8OiOaN,Selfless,2xkZV2Hl1Omi8rk2D7t5lN,['0epOFNiUfyON9EYx7Tpr6V'],222093,False,USRC11902727,2
7qU7vhCPKhkDiJYGoboISc,Apocalypse Dreams,3C2MFZ2iHotUQOSBzdSvM7,['5INjqkS1o8h1imAzPqGZBb'],356946,False,AUUM71200489,3
52uWkylb2yKNfQDxgFLcxu,Lapaka,3MvjwDFhjikvE0FiTRfkBS,['7i7knDRybyk0pKGZs4TrA0'],261480,False,FR0U91700827,11
4tRhRLBxIZ34Iw0eCuiC03,Miss You,4fmtd5CduUYx2bmMOvXwX4,['1GVuCyb4PlArufUZDUnRQi'],206019,True,DEZC62269331,1
2TzQLWRlpeTAY4YpZudJ6p,999 (BDSM),1TnQKykUUe9GTI48BbGTEe,"['4dRPdWRUFyJp0yhjGBLClx', '1cMiNxpdh0mP5WFnPvr4xf']",158941,True,BK4DA2454592,1
5cefK6l4Sj8ExWsX8xNFzn,Cicciolina,5Mn8ffC1Ns33XQIhM1x6JG,['6LtXxYMIiKSy2EGHnz1f5j'],277714,False,QZK6H2013009,1
28V0SoeCaBHlGUARQ32RDI,555 (Ángel caído),3Xa3Wa4YTUMN7GTkngox60,"['4dRPdWRUFyJp0yhjGBLClx', '34Tgpgu56FedPkQ23qcq1M']",168888,False,BK4DA2315589,1
08UGOUerE8c79VPGmUzrkW,Psicópata,42qgUuPlZVz55ZVYjuzptE,"['4dRPdWRUFyJp0yhjGBLClx', '3NoAERCAeMG0EOGpbpdYLm']",183366,False,BK4DA2405331,1
6kvjzDjx2Z3z23xRq13xMu,Donkers,06SEttic5htIY70LgIXuQR,"['5QahAoa4CrRbxmriKGacoe', '2gW0M5fn2r7Lo4Hn1r8HZ5']",304500,False,GBKQU2348557,1
65GL1SwqJKjAO0YsHDWbBE,444 (La señal),3psZZjVsdreULSDWuL7TFr,"['4dRPdWRUFyJp0yhjGBLClx', '34Tgpgu56FedPkQ23qcq1M', '4inFKjNfPOKToQ9T5pjYf9']",176352,False,BK4DA2308081,1
3AbIvwEMtuSspLL6eXwt4p,Cyberia lyr3,67qUCwOJWAlRDGH6479sDK,['30F64wQIHvLiFTGaNZ73nU'],218400,False,AUBEC2037660,1
5LJmf4fMXEvO1PdlCBKwRz,Rotoscope,01vIMDzbZrTEhtScu8jrGW,['4MzJMcHQBl9SIYSjwWn8QW'],215362,False,QMRSZ2201316,1
4tuWS8iuaCr0o7rH81bVIo,HARD,4pzInYiRaiDt8v7N5pRohl,['1u7OVFmWah4wQhOPIbUb8U'],220869,False,NLQ8D2201374,1
326bBMJ92wbiAMJdCyxyZG,Crash96,0ZVpEzmv3wYLL1waCPPf7V,['6LtXxYMIiKSy2EGHnz1f5j'],328004,False,QZHN72225463,3
3gXyAQxTKRKhXuOJPYThJz,Phenomena,5VuP5M8hv7m5zDmOlIEaFR,['6LtXxYMIiKSy2EGHnz1f5j'],395313,False,QZFZ62154201,1
5SQkRMPBIjsmEF3PXBZNGJ,Lets Go,2rii80Xfs1qfwiryAzGNRi,['0H6wjgFfHI7vf5SaX2T14n'],174811,False,SEYOK2206793,4
02dGTrfu6KPmhEhKGY5kgD,Bla Bla Bla (Abbentenza Mix),3HbTCHctgBURm0TuqELGX9,['1OAjDaKgg00KCUYqDe68un'],419933,False,DEA319903671,2
43iIQbw5hx986dUEZbr3eN,From The Start,1rpCHilZQkw84A3Y9czvMO,['7gW0r5CkdEUMm42w9XpyZO'],169573,False,QMDA62312093,10
2fvdQ1Uq04qE4RLN5zKBXS,Disco Yes,0hDnsNkxpMDZrpBlGjldtW,"['1uiEZYehlNivdK3iQyAbye', '6oPQiSj92N4mk5jXLtX1bl']",280878,False,GBKPL1790990,8
1vusJF4pEe8rD1RALUkyQJ,Maybe We'll Wake Up - Demo,6hZJApBFExwl1viCgibiHq,"['0RZewmdiKrFtejSJ3jfmGs', '5pOd5z4DlRc6Mw2nnBsad9']",129043,False,UKS422100082,1
5W8YXBz9MTIDyrpYaCg2Ky,Last Resort,0BHa0ePkvGAVKymB4FU58m,['4RddZ3iHvSpGV4dvATac9X'],199906,True,USDW10021712,2
0MTxfrDnNX0cIQkWhCm58d,Juban District,0RWpUiCfZ6NPPKxRhKK7Ge,['4UAW69682T7N0wrABUhqx0'],201360,False,FRIDO2110991,1
1uZiOb6yOHlmxzmogeGbAN,Stronger,5ZDJSYqJ0IpReYT6Z82oXt,['43l4GGl1QwpqP7R2k43M9W'],163840,False,CA5KR2178233,1
59fHi4PLq9GZQzXAPVHifZ,Just One of Those Days,5EFXvxJr8UO36SneJaxg2w,['03ZdbEBsbFHG3uJC6gYiOY'],202061,False,QZFYY2281073,2
77PlrIDSmmWwCj7vgNQiR4,Wherever I Go (feat. Lawrence & Michael McDonald),3urTyQXxwNAcuNmQa5Xho3,"['0QWrMNukfcVOmgEU0FEDyD', '5rwUYLyUq8gBsVaOUcUxpE', '24hJWbo98sH84tb0nkeaqy']",166133,False,GBUM72309264,1
7J7F98kmOqMNwCt72Xm0q1,Floatin',1IOyct7shyBK5fwXUajCIr,"['6lOCVUQbb9wzuZQbZQV9zn', '1NrFTpkB0RvbVLYl0p5Xvc']",188986,False,QZES52040610,3
1RKUoGiLEbcXN4GY4spQDx,Clint Eastwood,4tUxQkrduOE8sfgwJ5BI2F,['3AA28KZvwAUcZuOKwyblJQ'],340920,True,GBAYE0001408,5
38ZeQlpuPMWOnHsX2rAfDX,Sunday,4eBUtHc7JTCR1Tt0KXHMHO,"['4eWSxYF6xLmzVwvellHYZ9', '2a4lU7F8toqKpb5v6Ftqya']",198453,False,QZ7362200192,3
7nCONy10IHp7XD3oYZ0lcx,I've Seen Footage,1PQDjdBpHPikAodJqjzm6a,['5RADpgYLOuS2ZxDq7ggYYH'],202853,True,USSM11200908,6
5ygk8Hkp4WCCk7GXWEUP9V,Weird Fishes,1CqNrKEv2fhF7mudTXrydV,['2RP4pPHTXlQpDnO9LvR7Yt'],354533,False,GBAHT2000178,7
18yYhT8fTVjFK9IBPiows6,Read My Mind,1CqNrKEv2fhF7mudTXrydV,['2RP4pPHTXlQpDnO9LvR7Yt'],288453,False,GBAHT2000173,2
4J0jBJuHaXX0XPyGquAJuO,I'm Fantastic,0rqhwcVbKtKb5SA9jYVRiU,['6dewigIOIcG6m1XGsG4Mc3'],186755,False,GBKPL2082059,1
1foMv2HQwfQ2vntFf9HFeG,Rhinestone Eyes,2dIGnmEIy1WZIcZCFSj6i8,['3AA28KZvwAUcZuOKwyblJQ'],200173,False,GBAYE1000017,4
0LglEXs5Pl33fNivKrtfNg,Wonder Under,2Cd79r5TdkpPgNrDobyRe7,['37dq9ObsO8dk3q8zqA4UJa'],93511,False,QZB4J1843209,6
1liU9J111SvFdplhzgI8lo,If You Feel (The Way I Do),5eRcjFdVZbKhOKkIp1ibSR,['0O1ym9Pe8SUDDyTchHGO79'],240138,False,uscgh1991551,1
3vy3ld7my2hDUTv4u7KIJR,Mother Nature's Bitch,4XKkD3p3SXmeJRcvioWaQQ,['7d64ZVOXg02y73HB5UMqkb'],93737,False,US38Y1935209,9
3RL92qOlVwpt5KV9rlLV82,Habit - Blood Cultures Remix,3tlshpzfWBNPfIqiYqVJ0U,"['6lOCVUQbb9wzuZQbZQV9zn', '1kDqy7SpqyJ7aZi7cqSBis']",213135,False,QMPKX1760750,2
7rNnqDOzc3Qoom2VhIyuxx,Funky Galileo,31t6VcIOZ3WqsSH2F9Zcy0,['1anAI9P9iSzc9qzLv6AtHZ'],246200,True,QM24S2001533,5
3oImOUmlh3VnTc0saqOqVG,Want It,4Vz1Xbx9XetfeKtBpqSRTC,['1mlAkvaCrzWSxS2ATBZh27'],216000,False,GBWUL2000557,1
4sF1MqAGu6HKx2Ggw20Xn4,Generator,6ooBxhsOVedpX4zPTCyL86,['1gR0gsQYfi6joyO1dlp76N'],282746,False,FR8EU2300020,2
1xl8fjwpxiQ2fLqwe1dwxk,My Bassline Drives You Crazy,696OMqq5z6wI7NnulwDWiy,['7uYIUwgVSEv7bomOcPROCf'],359200,False,CH6542221594,3
7nzsY8vlnKdvGOEE0rjAXZ,Arabella,78bpIziExqiI9qztvNFlQu,['7Ln80lUS6He07XvHI8qqHH'],207356,False,GBCEL1300365,4
1A67uZiZxZbhuhHbS1THye,Atlantis,4cp9opr5n08caMaYj39DCy,['79LaPRYSRh7JAnu3r1jYPF'],387010,False,GBKQU2313554,1
6dyfsauAoa5qN0tj9JKamE,My Gasoline,0EaF9YPTmGw5K9ndExhQ7a,"['0RMeG9M8QFzss9bAbq99KA', '7akxhVMmCpSDFw152XqCu6']",236999,False,NLQ8D2300375,1
18wwUW79S7YFzWCwrtDXGP,I met SOPHIE in Berghain,6bY9ZROncZIe1eBPWjN3l3,['1XXeiviYqDiTpuNsL7UaM1'],256170,False,GBSMU9418043,1
2AljG7lFywSjjLBVMOhm7s,i like the way you kiss me - Marlon Hoffstadt aka DJ Daddy Trance remix,7jYsvUIbj8OktGfdnCU4LB,"['0PCCGZ0wGLizHt2KZ7hhA2', '0HHa7ZJZxUQlg5l2mB0N0f', '4lBSzo2LS8asEzoePv6VLM']",199083,False,QZJ842400615,2
0sydeaU810HOJOgdkDwhlZ,Epic Hardventure,2qvgWORemMTbdMeUgc7BKS,['5cQmRpjiW1N4Bv4BOIIjtx'],381113,False,QZNWS2077711,1
1AQH4K1OX1KHbTt5ojMonp,Codeine,7pUcxqy1fGmQkIQQ64mt9d,['2AasvmwafZPTgQANaoLoQY'],329125,False,GBKQU1873058,5
4uFKaTzddaTxQNjEQdgS1E,Hippie Gabber,7nEzveu8qicbytiOuShzK7,"['7BGTl5Swxc7pcXnSgqzSSM', '7uArFNNb7PASGDpdqh0ta3']",259971,False,QZFZ32329546,3
45cyszztlG5IzqM6pisJaU,90's Feeling,7J7bU7CQ8mw5rWZhREwccv,['5cQmRpjiW1N4Bv4BOIIjtx'],341004,False,QZK6N1900739,1
5xvzN9tprEU16VYxgZ9he4,Sevilla,6nHojW3YDjo6TWgx9tONHj,"['2NTtIgPZyELENThAeqfvR6', '4YQOU9GVYBYVJmdmGkDQh1']",352003,False,GBLV61911508,1
0OQ5KO25sneMY1oR38wURx,DÉ - JÀ VÚ,2CGBqLGw6yc6LBsZ0yP1XR,['3OHl7zl5cliNK2ADa18ZxL'],318400,False,QZHN62390681,1
1eRVsFpFd4NfHG2ll5QneP,The Aftermath,44YoEUJNCcfuWE4djjgf2v,['6LFELkZXRJs04hi8gywM2A'],426960,False,QZFYY1998551,1
2dk9wVX7UclmLrER49kFjf,Pentagramm,2Z3qUHMVu72eJOY5nLVFfd,['6LtXxYMIiKSy2EGHnz1f5j'],330596,False,QZNWT2093492,2
3jUTjCISntIUFL8jnAjzgc,Fallen Leaves,0cTOvcvrbNiaiv4WXEUHzT,['08yf5A2nS4XEeNvabDXqyg'],199200,False,USAT20612286,6
5Hijdt7rmbj9fUJdXEs6Nz,(It Goes Like) Nanana,6v3I0eftpzoc1VNR9JoVyc,['2mLA48B366zkELXYx7hcDN'],367613,False,GBBKS2300081,2
4Ais1li8C4ezZtveNT24RK,Poc a poc,2e8WEewhJrzexljZrhMCYH,['7BGTl5Swxc7pcXnSgqzSSM'],192225,False,QZFYY2419418,1
6S2zNQfre7kOlChEMd2Gvf,Swiss Trains,1F1yBQEdmi8tNXtOH4Kmdy,['5H3KwpWuO5LUilDEdc0t9W'],377495,False,QZANL1758933,1
4lJBjtEABOhrdv7NzBD0KW,Bunker Buster,6Oqnh7JGRs89dUzdPBE1nY,['3YMs2NjzmU8oc5muj4LxgL'],343548,False,NLE802400022,1
48lxT5qJF0yYyf2z4wB4xW,Pedro,5y6RXjI5VPR0RyInghTbf1,"['1c3uso4iIeeX3P0bhKaQDq', '124jbwgd8Hh6LW7jAqTa8r', '6EVyI0S0b1Ld2nm37m5x85']",144846,False,DEE862400427,1
2ggTzBwJp11aM5Ii6SzZJA,The Unknown,5wYVjOJACZ7WamSbrAYMO9,['7fBLGr93Le6xbyLwQK1ZhA'],339607,False,QZMEP2333710,1
4oiXnGdOjyoakEWxDE4CpE,Citizen Arrest - Dutch Hour Remix,4rXLsSzj1v79ezoVmRFAWk,"['3oVSD2qVvvT9HhWDlFk4Hv', '3OFo18LHyXeX0u7Y2fonXb']",56607,False,QZNWT2205647,1
51xCJIB6whswDNw6tdbF97,Welcome Back Devil,41Knrnm88QyuE9h8ATY8Dz,['0ZdNs1hU6aAiaZxvFbtDWF'],320917,False,DEAE61900040,1
6WA8HxyPZzlYaY5xPE2LeL,Cheek,5SAzA8MByL6mk6nJAhHEtJ,['4LDEeahUD24Ju5cXPs7VGG'],220545,False,FRX202409128,4
7n24EOW7ElKwtz5wXkzynQ,GOLDEN SZN,3qXVu7ROSjZ5YEdOwsK1FN,"['2n6aFLFLpEBs61Kfy5EX5v', '7LexKs9s1tG7Ktkd7lMHBp']",294529,False,USANG2210076,1
3dCuWnwg782MgxRXmDDgUL,Arcanes Célestes,2d4ID1NSUnfGxRZiw7tGBb,['1szhCDK5eUZ5ANNHmmFqRF'],459000,False,QZHN61969300,1
03aBQclFfQ82oEYCYTORfY,Renaissance,4MT3BeO1DE8PAbsJSgfDtA,"['2CpLIMBoE2ZzyY3ZBCRZ7j', '5mOO1KIfKb5HY8ieKjG9Qf']",151688,False,USAR12300432,1
1RM4nxRkTwXtOKilbWtsKk,Queen of the Banshees - Nico Moreno Remix,7zJn0dr5wJ5mukKnceLiJA,"['7eILArMiTFTQf8SEh5fFHK', '6fjhNhp9IoeiZpEXq9AT2S']",342453,False,DGA062050025,4
4vYVhz4SqtofR08nmQB84N,Trepidation,3XOTIthD2eKHLEwq9gk8wg,['0aby7MYHsm3JS0eSifxu3I'],262400,False,QZK6Q2005951,1
56GFlp1dkt7dw56pQdTwqW,Red Light Indicates Doors Are Secured,50Zz8CkIhATKUlQMbHO3k1,['7Ln80lUS6He07XvHI8qqHH'],143626,False,GBCEL0501187,8
3PTlnUkbs4TfZRtvFuZEjj,Кубик рубик,3bKyxf6Z2GFaY0wyo0GUIz,['6ocWrmDywWyf1I3yUJXecp'],191999,False,QZTVM2458869,1
267DliVFe67u89luc9v6UD,Get Shaky,11Xrum0ysuitc8vtBrlmQM,"['6AFA7y2tNohNcpaLwDRyxx', '2nxyC1TQywKkvfkvuaiaW6']",237194,False,TCAGL2286588,1
5qRk5qCg3kgt5wutDalKNx,???,5CN5JIKbOd59SOsHvFZmBS,['7MCR8nkSW31sqmamvZAaDa'],505500,False,DEZC62142394,4
4qf2TmjFImuZkpAwmP1LKE,MY BODY IS GOD ON ACID,5ON20qgoweG6jjxVXrQdZh,['5JXS13q07rUqMWcgQeQXCM'],369423,True,USYBL2201209,1
4lmnX8PMSRNlJjxjl3KOiP,bring it fine,0tayZS2vDuuxFrCQdQk8Hg,"['2MDj296KJIfgWDNBtHzeFi', '7IErGg6ZCfFyJJoKGUUBpv', '6U65hm7m0hVAVGV0SXNFMw']",137400,False,GX5MX2328957,1
6yBBevO7I1HTgUcNMSPbis,90s Baby,2l6173A8dMuQ7RyR16VMb3,"['4cPhyd2BTkwlq4fyXo4riK', '6a3jFv7dkvf9HWPD5wjkof']",315723,False,QZMHM2302482,1
7LbuXeJRtSiXiI5wEAG4Ct,Acid Shoes,7nEzveu8qicbytiOuShzK7,['7BGTl5Swxc7pcXnSgqzSSM'],324916,False,QZFZ32329549,6
3mjpUhSiUbEvaPdxikuEZI,Yoyoyo,5EZ9za0ULGWOTaLEfPj6aw,['2A4uiWrfuBpVFugyvxAt4c'],275244,False,DEUM72302181,1
345602bRlUHD10ipBCsQPS,Dark Cavern,4zBpQeKVOxJHgCJRk19ENd,['1szhCDK5eUZ5ANNHmmFqRF'],390000,False,QZHN61997907,5
7F7N0yugLFgKXoEACgtzD8,"Dance For Me (1, 2, 3) - Stutter Techno",4tdjof8Q9w84L19SH3gY2K,"['2m8ROV7jEwm66LBxUNhUMt', '3vGgjydudbzEp2r9PmqHc0', '6dcF1Pcj5BlCkSK9FF96GG', '34lIancN28qj7jD4JxYOdE']",147895,False,NL1DT2300205,1
7pkckKz3uZ2KSjodosi84C,Tchernobyl,6l1lhKgjkWw65EALIwGUQK,['6lmg9kOOeuhhgThuBOE4bX'],358974,False,QZHN91978211,1
2S6OFmverG9KX7SrDMvPp3,Enter the Void,3jCIOxZesQDErXx6QqDXU9,['7BSelHaCgWRfav4mVZkhwU'],442458,False,USA2P2037176,1
2RW8O7yekBD6mTBoMsvktp,Rampage,58PTUcZqxo1bOMhMAEMveW,['04nitrWzNI2hXUvvrf405C'],430985,False,QZKDK2074284,14
4nOOoo9OJbgnTBNHe5b6nD,Romantika,0ZVpEzmv3wYLL1waCPPf7V,['6LtXxYMIiKSy2EGHnz1f5j'],250145,False,QZHN72225465,5
2mRNUz2RbAFf0AkPeQWelt,Satisfaction - Uk Radio Edit,4fQC9i9e9rDI7MwoY0M0HX,"['4Ws2otunReOa6BbwxxpCt6', '1jQDgp9Fak4WYVZedWLF4G']",143933,True,IT00D0206423,8
17nC1WwJOz67JD5xwBMCD2,ASZENDENT BITCH,0ngVkUAAraMSlZteXRUstf,"['0CzoJbqBbtBNLArLyAFDPn', '06EhAazrumiO9LkD0qPoqA']",148645,True,DEZC62341437,4
3RXDzb33xl7BwTRCQ3UTdE,Ella Sabe,2jQAu69NxtawVXyAMWr6x5,['7BGTl5Swxc7pcXnSgqzSSM'],229528,False,QZK6N2137571,2
5rDRmhgtcOkeiTmLMlQotP,Rave Attack,6NBrnXHV1iS38tw0gTEQme,['4QtOZMHDnbuNaHLGMm26rc'],343523,False,QZKDK2067339,2
2zPMafxpOc4IGB79uZLjtD,The Show Never Ends,0QY39P2s5FpjMZFlFMQYRs,['1TAVfsRR0xQIcI6OxpCten'],378477,False,QZHPJ2126077,4
5AvxGb5F6pRngbSYBFe9Ok,Que Te Jodan!,1sfLLLf4aW5vqS9gV6rBrM,"['1cMiNxpdh0mP5WFnPvr4xf', '7BGTl5Swxc7pcXnSgqzSSM', '7i7knDRybyk0pKGZs4TrA0', '3OHl7zl5cliNK2ADa18ZxL']",255103,True,QM4TW2442697,1
6HtjJ09kCJbaQSrazLVEGr,Heard It Like This,0YPe5oH70RPB9HAGkpXmQ9,"['4pnp4w9g30yLfVIAFnZMRd', '1q4618qKswelCGLoanFKQh']",220461,False,USUM72314619,1
55blVOpN0BGVH5s8R5lnGc,Enter The Matrix,1V6S0x4hDRBvUsiqdkHMev,['4sHCqGPH8ssoMeOeKrRZ38'],199667,False,GBWUL2135724,1
4qrBAShPdBpxCe0Yl2DXYT,Europaträume,4kiB2fjPSRxYhqfFA1dSV1,['6LtXxYMIiKSy2EGHnz1f5j'],216761,True,DEE862400033,5
5lYC87ZK3VAdpP2Z8f3Rgu,Russian Roulette,59EsY8MtOsyyfxz03ncm0Z,['0H6wjgFfHI7vf5SaX2T14n'],238429,False,SEYOK2214440,1
3IVrlcM5gDoj3lghHY9m7I,Satan Was A Babyboomer,42nVxnZ0BD7Vt3sMK0t8Ss,['6LtXxYMIiKSy2EGHnz1f5j'],427000,False,QZES92100003,1
6oUBcxsmzUd9KPM20BNpdQ,Die Another Day,4qq1vUvAxeDEoy0DvuHPgX,['1szhCDK5eUZ5ANNHmmFqRF'],392112,False,QZFZ32087161,2
204t5SErksNRHRhU52g5JF,Oncle Jazz,4W4gNYa4tt3t8V6FmONWEK,['3zmfs9cQwzJl575W1ZYXeT'],57876,False,QZFZ31973919,1
6nmRXpBtPUAQxtLc5akRfk,Morning Sex,6KhfGfQzwhbLOrPfYv4d6U,['4o16FybIZV7WPD7tOl7PUd'],175312,False,TCAEG1904980,1
4VYc3oR2FH4ea4HYn07fBF,Green Utopia,4PAj4FjIDzHQHot6QunLNF,['7vkiEK5D7Gf0z4M1Va0CXD'],145975,False,AUPF31400147,3
1IqF5PUDUnaykHLs0RWbDO,Time Moves Slow,5wAGlQICfKYQfaBppnUbmP,"['65dGLGjkw3UbddUg2GKQoZ', '6K4I1MPd7m8IztUdtrF4YU']",273864,False,USD8D1634003,3
5eyTC5GZzpzlN7YRO9AoPf,The View From The Afternoon,50Zz8CkIhATKUlQMbHO3k1,['7Ln80lUS6He07XvHI8qqHH'],222946,False,GBCEL0501180,1
1w327AHTCoChRIkJUprAnV,Mirage,1Ckbuzoh1dYKFnpNYmVEof,['2efrqekWSHlvhATD50AG3m'],57495,False,TCADD1775942,3
65pViNCJx3iVQBmi28FNqi,Crucifire,0uF5YOmnKbNzMgNjn2Rhc3,['62cvIQKyg3aHsHNgPxzGPT'],104610,False,USMTD1900129,5
1FbAXv7PGVQGpx5toSNa5y,Ich Hab Meine Tage Im Berghain,2Z3qUHMVu72eJOY5nLVFfd,['6LtXxYMIiKSy2EGHnz1f5j'],361272,False,QZNWT2093493,3
4PCLavhKlFMjTHrjWASe0Z,Livy,29TOQvWWfGvBtOb421E4Rn,['4oVCSlKLJQEov1fDM7VQVa'],119570,False,FRX452397766,1
5Tlya3m7X5mR4BgzKPmx7D,Kicks Like This,3LTKDZ1fi2vMPrCyB8awfk,"['77faXTf6wXs3L2CVol0c8C', '2LpNxLq1O4FAMBagy5t582']",193552,False,NLFL72300544,1
22wow6MWPsmtDVpbPiuC8l,Bestie - Macon's HYPERTECHNO Remix,3kzQWDFBTWA3XmY5aHRjiQ,"['1QKx9HbmmkV4FgL2nkFVRl', '2Tubog1fy1Lw5OXVFOpgfJ']",159545,True,DEUM72302903,1
6Mn6vteZmu3fSyG1a8qB9q,Knock Knock,1O5B3b01GvavFdbqOjWY9h,"['361A1lQwio37oKbADnC8V9', '2DyAvufHza4om6Vgqlt0v8']",276097,True,QZNWY2434985,1
5fF9T9SMqBKUvT06cn7kBR,It's That Time,4nSFAyvWxMBkgGYU5W6hOt,"['0HHa7ZJZxUQlg5l2mB0N0f', '4lBSzo2LS8asEzoePv6VLM']",240250,False,QM4TX2371595,1
4smWV0ipOOEv1rS9dWhwQ1,Slumber,4DkXNndpQAoGUo2aFv9zAl,['5sCDleuvB5bBwbSGsp9Bwh'],332933,False,NOPRR1701090,9
5lRzWDEe7UuedU2QPsFg0K,The Funeral,7ik4rjxOnmwnAWWzjj5ni3,['0OdUWJ0sBjDrqHygGUXeCF'],322173,False,USSUB0669004,4
5b4Poxp26GdOf5vjouzZrA,Simple Love,2ZHjNSGAwroZAGeptZpIDw,['7qY2O8bWspXlSwQl5JAkvn'],235677,False,UST8K1894062,1
7k5B6oIeqIsbUtqGF3ZLL4,So I featuring a. g. cook,0W5woeQnfOZmVLSbggRRlR,"['25uiPmTg16RbhZWAqwLBy5', '335TWGWGFan4vaacJzSiU8']",279227,True,USAT22408083,9
2EeLbvX0fJuS2Rix9l93xK,B2b featuring tinashe,0W5woeQnfOZmVLSbggRRlR,"['25uiPmTg16RbhZWAqwLBy5', '0NIIxcxNHmOoyBx03SfTCD']",153387,True,USAT22408099,12
1u2NUS3ectoHCsKaH4bUOo,Apple featuring the japanese house,0W5woeQnfOZmVLSbggRRlR,"['25uiPmTg16RbhZWAqwLBy5', '3IunaFjvNKj98JW89JYv9u']",157366,False,USAT22408084,11
1NK3QRZUVyfBu4YTBTrbdJ,Von dutch a. g. cook remix featuring addison rae,0W5woeQnfOZmVLSbggRRlR,"['25uiPmTg16RbhZWAqwLBy5', '4gvjmrtzydbMpyJaXUtwvP', '335TWGWGFan4vaacJzSiU8']",157328,False,USAT22401750,6
4c252FOXsYUwrSRv8g9aei,Club classics featuring bb trickz,0W5woeQnfOZmVLSbggRRlR,"['25uiPmTg16RbhZWAqwLBy5', '5QS9NAK4AgJPTcRe472pZA']",174325,True,USAT22408050,2
0il9ELJDirmF299OiChNHi,Sympathy is a knife featuring ariana grande,0W5woeQnfOZmVLSbggRRlR,"['25uiPmTg16RbhZWAqwLBy5', '66CXWjxzNUsdJxJ2JdwvnR']",154126,True,USAT22408051,3
597W049n13m86dgV0dbLae,"Girl, so confusing featuring lorde",0W5woeQnfOZmVLSbggRRlR,"['25uiPmTg16RbhZWAqwLBy5', '163tK9Wjr9P9DmM0AVK7lm']",205938,False,USAT22405487,10
2uRHJmdkGIajVibmUv9HDx,I might say something stupid featuring the 1975 & jon hopkins,0W5woeQnfOZmVLSbggRRlR,"['25uiPmTg16RbhZWAqwLBy5', '3mIj9lX2MWuHmhNCA7LSCW', '7yxi31szvlbwvKq9dYOmFI']",250603,False,USAT22408052,4
3NjQ6afQ34QwfE5tCSIVFm,360 featuring robyn & yung lean,0W5woeQnfOZmVLSbggRRlR,"['25uiPmTg16RbhZWAqwLBy5', '6UE7nl9mha6s8z0wFQFIZ2', '67lytN32YpUxiSeWlKfHJ3']",129761,False,USAT22403774,1
5t4xArxems9xV4SJFJjNQB,365 featuring shygirl,0W5woeQnfOZmVLSbggRRlR,"['25uiPmTg16RbhZWAqwLBy5', '3M3wTTCDwicRubwMyHyEDy']",121273,True,USAT22408102,15
2p2U8zVAnue6Yrx3mvtBE3,Everything is romantic featuring caroline polachek,0W5woeQnfOZmVLSbggRRlR,"['25uiPmTg16RbhZWAqwLBy5', '4Ge8xMJNwt6EEXOzVXju9a']",203945,True,USAT22408053,7
671CE4Sd2GNd46cyjNOHsO,Rewind featuring bladee,0W5woeQnfOZmVLSbggRRlR,"['25uiPmTg16RbhZWAqwLBy5', '2xvtxDNInKDV4AvGmjw6d1']",162921,False,USAT22408054,8
3AvuMVDQU1JyZ8McJumqpY,I think about it all the time featuring bon iver,0W5woeQnfOZmVLSbggRRlR,"['25uiPmTg16RbhZWAqwLBy5', '4LEiUm1SRbFMgfqnQTwUbQ']",200030,False,USAT22408101,14
3G88sK9DtRDOUeH3xPFWYA,Mean girls featuring julian casablancas,0W5woeQnfOZmVLSbggRRlR,"['25uiPmTg16RbhZWAqwLBy5', '1rAv1GhTQ2rmG94p9lU3rB']",226705,True,USAT22408100,13
4eGHZhYq1ekdQZ8oehyXrQ,365,0W5woeQnfOZmVLSbggRRlR,['25uiPmTg16RbhZWAqwLBy5'],203618,True,USAT22401354,15
650iZCPhzCPtSmynGnUnhT,Body Bag,6SjY4WK6VMFYEINGVOHzGa,['3Uobr6LgQpBbk6k4QGAb3V'],196979,True,US5262224772,3
3b1J2CuLbynyKj5egmrQOx,Everything is romantic,0W5woeQnfOZmVLSbggRRlR,['25uiPmTg16RbhZWAqwLBy5'],203482,False,USAT22401346,7
6tVahG14lCjexVQnYWKgwF,liMOusIne (feat. AURORA),1k7OXnGQPV4zF3seDwRroD,"['1Ffb6ejR6Fe5IamqA5oRUF', '1WgXqy2Dd70QQOU7Ay074N']",251939,False,GBARL2400560,5
46clCWv55EyW1ZlOl796It,Cinderella,7HQOEMCDGKY8eJyQPdsnYH,['0NB5HROxc8dDBXpkIi1v3d'],243952,False,USUG12400407,1
20YvCDgUylLQGuT0IVzIO0,Club classics,0W5woeQnfOZmVLSbggRRlR,['25uiPmTg16RbhZWAqwLBy5'],153526,False,USAT22401342,2
6X92JmR0ZpU3VPocwGbloO,Rewind,0W5woeQnfOZmVLSbggRRlR,['25uiPmTg16RbhZWAqwLBy5'],168443,False,USAT22401347,8
3SN07cRDgzWGRr1nTRMo5a,Apple,0W5woeQnfOZmVLSbggRRlR,['25uiPmTg16RbhZWAqwLBy5'],151739,False,USAT22401350,11
7dFcP5EbR1nVtM27YnSjG7,Toro,7HQOEMCDGKY8eJyQPdsnYH,['0NB5HROxc8dDBXpkIi1v3d'],175666,False,USUG12401935,4
7f2POtBbDRDzjKwMxl1w0U,Sympathy is a knife,0W5woeQnfOZmVLSbggRRlR,['25uiPmTg16RbhZWAqwLBy5'],151125,True,USAT22401343,3
5dsrhgD8eKeIOSQUUBG44a,I might say something stupid,0W5woeQnfOZmVLSbggRRlR,['25uiPmTg16RbhZWAqwLBy5'],109202,False,USAT22401344,4
34Z2GQGVVqFzb4NL79kkW6,So I,0W5woeQnfOZmVLSbggRRlR,['25uiPmTg16RbhZWAqwLBy5'],211352,False,USAT22401348,9
3fS8ks3RJdLQiBwX3rPxgN,I think about it all the time,0W5woeQnfOZmVLSbggRRlR,['25uiPmTg16RbhZWAqwLBy5'],135878,False,USAT22401353,14
0eG44jhKfqvx06eKi4U4Co,666 MPH,2PptMgwKfQWumRxEvFhNB4,['6dD5LzTwdYS3gRvRSCOIVP'],338848,False,NLCK41023672,1
1eTaznNW4Xxtx9za2SMTXB,DENIAL IS A RIVER,60UzB8mOCMpc7xkuJE6Bwc,['4E2rKHVDssGJm2SCDOMMJB'],159586,True,USUG12405664,4
0Do1AZJJ03M0g8MmzUXLYf,Guess featuring billie eilish,0W5woeQnfOZmVLSbggRRlR,"['25uiPmTg16RbhZWAqwLBy5', '6qqNVTkY8uBg9cP3Jd7DAH']",143330,False,USAT22406808,16
5auprX6Q4VfAnxxxUcCmdm,Hello goodbye,0W5woeQnfOZmVLSbggRRlR,['25uiPmTg16RbhZWAqwLBy5'],219470,False,USAT22403714,16
3zQy3N1K8Mk5QknfFuVGNc,Yellowjacket (feat. Sam Carter),4OXoBlapQygTdzAifJm8BL,"['4MzJMcHQBl9SIYSjwWn8QW', '21QEpK62qn34QVshh4qpTK']",198067,False,QMRSZ2100656,3
34mtvCnTWDy2RUFS8wz2DO,B2b,0W5woeQnfOZmVLSbggRRlR,['25uiPmTg16RbhZWAqwLBy5'],178579,False,USAT22401351,12
54R8mxbJJJX46oS6uxtIbN,Spring breakers featuring kesha,0W5woeQnfOZmVLSbggRRlR,"['25uiPmTg16RbhZWAqwLBy5', '6LqNN22kT3074XbTVUrhzX']",142516,True,USAT22409750,17
3xz1rvRvprymW60s8GQuW7,Guess,0W5woeQnfOZmVLSbggRRlR,['25uiPmTg16RbhZWAqwLBy5'],142265,False,USAT22403715,17
313wlDpPA9hmDWtnrUaOjr,Mean girls,0W5woeQnfOZmVLSbggRRlR,['25uiPmTg16RbhZWAqwLBy5'],189410,True,USAT22401352,13
7K44ngQZtBHfeXgRWcrHJF,The Cycle,1tJCWh4iVnI5VHVvJF3ez9,"['08ET100WDKcE5HzPSWBJYg', '1NRudBLaT84LXxfsYdFMhB']",118736,True,TCAFR2155402,4
3PvTjp4qm167XG9SWZm5Nj,360,0W5woeQnfOZmVLSbggRRlR,['25uiPmTg16RbhZWAqwLBy5'],133805,True,USAT22401341,1
15xYayQFFYeKEWRruuzsfZ,"Girl, so confusing",0W5woeQnfOZmVLSbggRRlR,['25uiPmTg16RbhZWAqwLBy5'],174507,False,USAT22401349,10
1DeqJiA7MvVzurLWyQmOyh,WOULDYOUWAITFORME,6OUBC3oli2YQVhV9ROwewS,['75gi4UlMiDGTClCgtZVpH0'],207090,True,AUI442300036,3
6kwKErBlx51eX9kWbwPjUe,Von dutch,0W5woeQnfOZmVLSbggRRlR,['25uiPmTg16RbhZWAqwLBy5'],164284,True,USAT22313737,6
2q2Z6hr3lkcLx7XwwLXN7P,Talk talk,0W5woeQnfOZmVLSbggRRlR,['25uiPmTg16RbhZWAqwLBy5'],161757,False,USAT22401345,5
74nZdyz6DZ2o7N2pwsBsxH,Spring breakers,0W5woeQnfOZmVLSbggRRlR,['25uiPmTg16RbhZWAqwLBy5'],142521,True,USAT22403716,18
3aQ9MHkMeL7Yu7jpyF62xn,Neverender,6ooBxhsOVedpX4zPTCyL86,"['1gR0gsQYfi6joyO1dlp76N', '5INjqkS1o8h1imAzPqGZBb']",266493,False,FR8EU2300010,1
0FZUbqZ1x2G71vl027d8Ud,Hot Girl (Bodies Bodies Bodies),5A0U5x6tAfyQaG5lnOL0fA,['25uiPmTg16RbhZWAqwLBy5'],157078,True,QMB622299001,1
5hyq3LBlCfjRQAFkdQwe8o,Vroom Vroom,261QvR3MgGdyL2HyYIlgfd,['25uiPmTg16RbhZWAqwLBy5'],193270,True,GBAHS1600092,1
7wei8Hb9DxoVKUOIIAhDEQ,Love Songs,4bPgrWgCXGtFkieGEJRioB,['3l0CmX0FuQjFxr8SK7Vqag'],178352,False,USSUB2464403,1
3HVRZxCp3BWYuYe8L8BMNH,Real Life,03guxdOi12XJbnvxvxbpwG,['2sSGPbdZJkaSE2AbcGOACx'],206973,False,USAT22400841,5
7qiEoVlFjb3KaytT2zgK1g,Doomsday Blue,70IfQDr5WnlqwK2Cb0tvco,['6g3orasGcMPn0gwcE3JMAC'],183741,False,TCAHL2394072,2
6baGTtDakSNvUfW3FJd8yX,heavy metal (feat. Rahzel),04mkS7FooK8fRbB626T9NR,"['1Ffb6ejR6Fe5IamqA5oRUF', '6vunRaBya0Sx6CMJZAlHTZ']",240586,True,GBARL1801503,12
5PZZ3G5djpINln9xcMxcmB,the center’s falling out,0YIOpXQvcbiDNPusSqi5Ew,['5mlbvTfWUOfDrUIK6dkNzv'],145032,False,USFYZ2429009,9
1AtE4xrxLR7nSPWSk1VGqM,Sunset over the Empire,0Nx1Azswts2lQwxpqtwrL9,['0DCw6lHkzh9t7f8Hb4Z0Sx'],243080,False,SEVKO2200006,1
3kKb3U3a8jmUJQB9ypE1Jl,Under Control,3HFbH1loOUbqCyPsLuHLLh,['0epOFNiUfyON9EYx7Tpr6V'],187306,False,USRC10301524,8
5zqCzVj317vQkwVHqQcvZA,Cuckoo Song,74ExKX0TXhIQE30UrTiPlD,['6hV6oxGLeLFw17DGjIPkYD'],185266,False,GBKPL2013502,7
2lW2ptxkUmhf9Z8zcj7fbj,Mortal Projections,3kxxxUQ9HFVUSg2pDLYoZ0,['5p9HO3XC5P3BLxJs5Mtrhm'],188095,False,GBKPL1963391,9
2X485T9Z5Ly0xyaghN73ed,Let It Happen,79dL7FLiJFOO0EoehUHQBv,['5INjqkS1o8h1imAzPqGZBb'],467586,False,AUUM71500292,1
1wk0GNRiJvOxGBuaioZWtT,"Sick, Sick, Sick",1w71aBHYJ1zTOsSsmr2Fca,['4pejUc4iciQfgdX6OKulQn'],214733,False,USUM70731645,2
5p6GEo6wrwLpicbGyNH1A4,Jesus Stole My Girlfriend,752CwfZ8NvwXHv8IOjnWV0,['2N2EFVDEbp2JB8ulEUVIxp'],177453,False,USUM70920727,2
0DKvcH4SCRdhVYTxStKx9h,This House is a Circus,1XkGORuUX2QGOEIL4EbJKm,['7Ln80lUS6He07XvHI8qqHH'],191680,True,GBCEL0700070,8
2pAm0eho3UtxAK1bsRuOK7,In The Heat Of The Morning,1Rsm7e7fnLx87MDgV7w7ZM,"['2Z7UcsdweVlRbAk5wH5fsf', '1ctkBmvz80MGyi72Ix055S', '3M0H4efyA5YcijrKlaKbYn']",161333,False,GBCEL0800201,4
3ut5AR80zVBxauB227w7ro,Psychomatic,4PAj4FjIDzHQHot6QunLNF,['7vkiEK5D7Gf0z4M1Va0CXD'],122951,False,AUPF31400148,4
0B6oBwvkyLptGexpwJVz7c,Balloon,4hlZNsmD2CoVWAbr6GnEYb,['4kSGbjWGxTchKpIxXPJv0B'],185746,False,QMB622100308,8
42GuKw49pPxNAkIhWGwgFs,Body Paint,2GROf0WKoP5Er2M9RXVNNs,['7Ln80lUS6He07XvHI8qqHH'],290584,False,GBCEL2200516,5
4QzJg2N57KhY0tDVmEVIgU,Used To Be My Girl,6q1ZuWCnYTQb7KhXHZo947,['2Z7UcsdweVlRbAk5wH5fsf'],175410,False,GBCEL1600012,8
5cbpoIu3YjoOwbBDGUEp3P,Car Radio,2r2r78NE05YjyHyVbVgqFn,['3YQKmKGau1PzlVlkL1iodx'],267720,False,USAT21203515,5
4qkGGNwPorHL4VDHjNvLhe,Stella was a diver and she was always down,2OhUWm2KJay2YWeItU9YcH,['3WaJSfKnzc65VDgmj2zU8B'],387933,False,USMTD0254508,8
2vWBUC9djv6BtiGlmKiQaH,YKWIM?,60jUlxAOAcsiQUEW0XLroT,['6FugQjLquBF4JzATRN70bR'],212750,False,CAGOO1966522,3
1UYj8qTWjneZJDVjUMwMub,The Moment,79dL7FLiJFOO0EoehUHQBv,['5INjqkS1o8h1imAzPqGZBb'],255413,False,AUUM71500304,3
7urVuBvdhiOpWGiWX81iXe,Fight to Make It Up,2vxiffHHOTPAbhRiAn44B8,['0gnKKarIUyBnDcORsbOdeY'],342400,False,QZES51934460,3
4LD5p1sSp97yp86E2zDZwK,Desire Be Desire Go,1DNSmmRLfv97Yjq7MTFWng,['5INjqkS1o8h1imAzPqGZBb'],266306,False,AUUM71000132,2
4Ee6ZsyVepVsvObgYwzgH1,Permanent High School,2dMmcXlG8xtRJNlsjIrPWe,['4nUBBtLtzqZGpdiynTJbYJ'],253826,False,USRC11800010,4
6e0y519IWgbDkbdQXzYgP8,Rock n Roll Will Break Your Heart,7otPYa5dSxdo2WLgQKnaM7,['3M4ThdJR28z9eSMcQHAZ5G'],321400,False,GB5KW1301069,10
55N8cxpE1QDoeaaNqUnoZ2,Bad Decisions,2xkZV2Hl1Omi8rk2D7t5lN,['0epOFNiUfyON9EYx7Tpr6V'],293360,False,USRC11902729,4
04uR2cdkgiaLIzebPcs25m,Two Weeks,3XQMgEnLQnOMkFaJA9w6sZ,['2Jv5eshHtLycR6R8KQCdc4'],246213,False,GBBPW0900065,2
2UAbgLLiWFxknvbw3WsEjV,Another Weekend,1q77OFn8cTNdI5MOQiQyFo,['5H0YoDsPDi9fObFmJtTjfN'],254520,False,QMV8L1724007,7
2nFDjlMQOFdgh5RKrbpb5u,The Spider and Me,5rvkoNlufp1WUV5pnGuKOQ,"['6XYvaoDGE0VmRt83Jss9Sn', '5J81VungUjSVHxlPpTI9KG']",196026,False,AUTZK1700065,6
6y4ySPeb68KGoAi1dk130F,Oblivius,1SQjs5LxCj7J5WIZYg3h1D,['0epOFNiUfyON9EYx7Tpr6V'],299232,False,QMKBG1600002,2
26CfdVmYf0hNvP6SJXF0vQ,Lemon Glow,65bVa55LFhY4PLx0kg8LjW,['56ZTgzPBDge0OvCGgMO3OY'],244946,False,USSUB1824003,3
5JCiqYJxcK4XO1mbQyPNdk,Bones,5fmYMNT1zRl5tCdji7YSFh,['4kSGbjWGxTchKpIxXPJv0B'],193981,False,TCACR1635419,1
0uppYCG86ajpV2hSR3dJJ0,Give It Away,30Perjew8HyGkdSmqguYyg,['0L8ExT028jH3ddEcZwqJJ5'],282906,False,USWB19901574,9
1eI2etqSjTsIQAWnvwQD5I,Quit You,5yN7aMyqzgyEYbfKnZmctH,['1Rxe2OboMb1Bx2n49182AJ'],175285,False,QM4DW1661892,1
53HwLBMjXoJxxUO4QkjBta,FSU,0XO3RJGqJwWmAfP1X7gxhr,['3P6duIn7oHeiBACZfYeNud'],132886,True,QM24S2203728,1
1KHKeIouP04dDtl0EetgED,The Downfall Of Us All,6MEv8dNtVbKDW1WG4Hk6WZ,['4NiJW4q9ichVqL1aUsgGAN'],209093,False,USVIC0944801,1
6F9KW2QPgUH7GNxVWku4Nu,River Styx,5hqmEMXO32v9e8mjWljKkP,['1tpXaFf2F55E7kVJON4j4G'],232786,False,USVR91057917,8
0RbcDELsGTciLeMGsSdJAc,Broken Boy,2VuZJsJBPLwg9BeQFQle8G,['26T3LtbuGT1Fu9m0eRq5X3'],163200,False,USRC11803823,1
6mcfn8HmK3JMQiRC1af0zF,LALA,162yB69i5GCLI3kAq3NppI,['5Tomvwat8AxMGd2ewkDNPs'],108344,False,CADE71901043,1
4QSlGmd48WfNMbHe8FKecR,Nothing Without You,5pQ2dhsDuretg9pTPMrPdX,['7ysa24HVkhXpjm5NpwnziR'],143759,False,QZK6H2297874,1
41SwdQIX8Hy2u6fuEDgvWr,10% (feat. Kali Uchis),5FQ4sOGqRWUA5wO20AwPcO,"['6qgnBH6iDM91ipVXv28OMu', '1U1el3k54VvEUzo3ybLPlM']",186680,True,USRC11901973,6
6R0B4PWbhP8VUwNnnihvoP,Did,0nLdTcFaukVqaBVfXv4UH2,"['1FQhMTazeDe98Cm6o3uMj6', '6hV6oxGLeLFw17DGjIPkYD']",146865,False,GBKPL2099723,1
1JDS6yAk0wCsfkFLN9Tr7i,Thinking,34tB6coDCASjU8WJCVsDJn,['6uIst176jhzooPMetg2rtH'],111428,True,QM2PV1794186,1
3czdA0j4iaLDJJCoT5D8iP,Don't Sit Down 'Cause I've Moved Your Chair,2ym2jcqckXqWeTDoxz3Kst,['7Ln80lUS6He07XvHI8qqHH'],183506,False,GBCEL1100196,5
7H7NyZ3G075GqPx2evsfeb,Chamber Of Reflection,2sij95QgjmgrhNv33achzn,['3Sz7ZnJQBIHsXLUSo0OQtM'],231723,False,QMMZN1300568,9
65WzVVqyzkRzSOmM2kovls,Death of Me,6CudJTOUVmOvVDR2c3xIky,['64EHXDoln95lnccszdPum0'],160054,True,USAT22214173,2
3fgehc497TFqKH1zBL2YNK,Heavy Is the Crown,3Su6Sgi0YjcUFuCzjLKYYq,['6XyY86QOPPrYVGvF9ch6wz'],167012,False,USWB12403466,1
1GFz4dKoSUt9aOBeLJFfJh,Neverender - Kaytranada Remix,7gVfcJ5fuZe3FXSMHPJLpE,"['1gR0gsQYfi6joyO1dlp76N', '5INjqkS1o8h1imAzPqGZBb', '6qgnBH6iDM91ipVXv28OMu']",285488,True,FR8EU2400240,1
3BdCoBD1lKe74FRu9eu84e,Euphoria,6ck5aF3OzhJOyi2tOuDtNR,['4Fb4B8ahca7VvUQv24Qttm'],313685,False,QZTAU2448818,1
672YNKCbS59epVyDUDrsXX,Random Firl,3ztYSYN5zQE9I6Vu0TgVrz,['5ZBQea34QfBgEDkcGEKK2b'],136253,False,GBAYE0800841,5
0dcMqjeDpwqB2xhzMsld0p,El Mañana,0bUTHlWbkSQysoM3VsWldT,['3AA28KZvwAUcZuOKwyblJQ'],235360,False,GBAYE0500173,7
3mupkFirAwxx4jBr7BS262,Three Little Birds,7erONjZ4y36gbBDEGANZSk,"['5dFeAUPKdp9Id4E1RYqez2', '70IRyiXZdU8eIY56M0sBta']",148436,False,QM24S2011109,2
7dj81HrvXl3vgVAbLe5PeS,How Did You Get My Name?,3pB9rejllVIaOgGFLT7932,['4bMyp2cRFrajuLJGttbZOY'],283593,True,QZRP42285053,1
7B3z0ySL9Rr0XvZEAjWZzM,Sofia,4kkVGtCqE2NiAKosri9Rnd,['3l0CmX0FuQjFxr8SK7Vqag'],188386,False,US4HB1900086,7
2P8kBO7P0SppnEX8gVN3up,Good to Be Alone,04QktcTXcS9qQTp7Q22Z3I,['2a4lU7F8toqKpb5v6Ftqya'],221508,False,TCACU1609258,5
3YB9cvd668HXBEq8rbBW8P,Human Sadness,5LlMvH379KZHgRIL5BrTOg,['4nUBBtLtzqZGpdiynTJbYJ'],656901,True,QMKBG1400032,4
1iPeDwic3VEt0T75NyVoaG,The Dream Synopsis,6q1ZuWCnYTQb7KhXHZo947,['2Z7UcsdweVlRbAk5wH5fsf'],183703,False,GBCEL1600015,11
1JpcqmUlzNlK7lpFOkszzv,Beverly Laurel,59P1jE5PoltfBZCYcyvbOm,['5INjqkS1o8h1imAzPqGZBb'],190489,False,AUUM71201149,1
6TZXktm6vXcXy3B1qOTL4C,No Room for Doubt (feat. Willy Mason),6vQOzPrVnoxdLPlwKtXq1p,"['2RP4pPHTXlQpDnO9LvR7Yt', '2uYZJqMXH5Q6xvPU6BPySL']",245000,False,GBAHT1200233,5
2a1iMaoWQ5MnvLFBDv4qkf,High and Dry,35UJLpClj5EDrhpNIi4DFg,['4Z8W4fKeB5YxbusRsdQVPb'],257480,False,GBAYE9400055,3
2FjjDPsrR60x3Lfnat73ic,Grains of Sand,70P5MlGTdAtyb7jMkggUEx,['7HifubxN0gO1nHbRIqWhrY'],187200,False,QZFZ21932352,18
1ZWDEGwUm2dJL06kkkfmCk,Liar,1At2OfbCTftrSxxbg33ji5,['2RP4pPHTXlQpDnO9LvR7Yt'],196440,False,GBAHT1200068,2
4pXyK9GW7fuT645U0DLYYF,"Alone, Together",2yNaksHgeMQM9Quse463b5,['0epOFNiUfyON9EYx7Tpr6V'],188800,False,USRC10100770,6
1l289Hpww4yvjcOV7RF9Ya,Rainbow,6SvdWYF4rG2fQUJTBRVlnd,['21TinSsF5ytwsfdyz5VSVS'],166876,False,QMBZ92061367,3
2ARUtNybdhz3e6e4VJIlcX,Lullaby,1wVJDcasGIRtjXq7ZdY76I,['2XjiJfKqxrlbijoFrdYSsL'],106751,False,QZHNB2199639,4
6Oryv6qqkDSi0opyTi7gvJ,The Last Man on Earth (Lullaby Version),1F6cYMTXqDtORCHzjfukiQ,['3btzEQD6sugImIHPMRgkwV'],257639,False,GBK3W2202194,1
2BOjOe3q7BevsErISsoIt1,Hand over Hand,0AOrNPv4dRKhBAdOsjMrjV,['1IMFkgZ2ZpHknO1v2n97CH'],351133,False,QZBRF1897080,1
1HijbdW9y2iFPhFs6zfemU,No Room for Doubt (feat. Willy Mason),5202ndVOTQnaBapl3YjNme,"['2RP4pPHTXlQpDnO9LvR7Yt', '2uYZJqMXH5Q6xvPU6BPySL']",245000,False,GBAHT1200233,5
3Y4rUyw7XBCK6hGHCOt6rp,"Call It Fate, Call It Karma",4WnkQO4xD9ljQooB3VIxCV,['0epOFNiUfyON9EYx7Tpr6V'],204773,False,USRC11300085,11
58Bb5UzlthEqCwsbo8Jgi1,Devil Town,0aYRCUoG1kSFdA6mubBrU6,['2hR4h1Cao2ueuI7Cx9c7V8'],270037,False,QM87M1805201,1
0n97PkKoTpnp5L343TMAgB,Communist Daughter,0vVekV45lOaVKs6RZQQNob,['2ooIqOf4X2uz4mMptXCtie'],117306,False,USMRG0316021,7
1OobBUpmfTjpUgxjbxMIes,Work This Time,0R1kilmC4LO7BW0cmTaGtN,['6XYvaoDGE0VmRt83Jss9Sn'],276903,False,AUDJ01401042,5
0S6CXA5LpRDX6b4akgrOot,Love is a Laserquest,2ym2jcqckXqWeTDoxz3Kst,['7Ln80lUS6He07XvHI8qqHH'],191426,False,GBCEL1100201,10
2drEUEg0TYQR6dDEHkpuPE,Patience,65siSh34OjZPMx0obk0YRj,['5INjqkS1o8h1imAzPqGZBb'],292267,False,AUUM71900284,1
1kDL4EErmvXdQCZRJoJHQn,Vertigo,4gX4fRhNwcocF3EnwwNUkX,"['07xbJ7SM1JopFtI1qXvSww', '1ctkBmvz80MGyi72Ix055S']",297733,False,USUM71414939,6
2LMloFiV7DHpBhITOaBSam,Hard To Explain,2yNaksHgeMQM9Quse463b5,['0epOFNiUfyON9EYx7Tpr6V'],224426,False,USRC10100768,8
0YJ9FWWHn9EfnN0lHwbzvV,Jigsaw Falling Into Place,5vkqYmiPBYLaalcmjujWxK,['4Z8W4fKeB5YxbusRsdQVPb'],248893,False,GBSTK0700009,9
1JuflrFpkx9mhDwZ08Txx7,The Element Of Surprise,6q1ZuWCnYTQb7KhXHZo947,['2Z7UcsdweVlRbAk5wH5fsf'],172003,False,GBCEL1600010,5
3NeiYiBn3rQBgurfVk92Zm,Humility (feat. George Benson),1amYhlukNF8WdaQC3gKkgL,"['3AA28KZvwAUcZuOKwyblJQ', '4N8BwYTEC6XqykGvXXlmfv']",197933,False,GBAYE1800407,1
5nv854ey1k43KaZ0kHmE4Z,The Youth,6mm1Skz3JE6AXneya9Nyiv,['0SwO7SWeDHJijQ3XNS7xEE'],228013,False,USSM10702130,3
0YdSIXOY8QWbRtWaBlnlNo,Did My Best,5Osm6Z5sBGots1YGx9pBt6,['4nUBBtLtzqZGpdiynTJbYJ'],296938,True,QMFME1900604,1
01tG1hEHYu2Oqe539cH003,Faded In The Morning,1boMSpoKkFe901QZaU7Gb3,['1LeVJ5GPeYDOVUjxx1y7Rp'],261519,False,US38Y1323209,9
6wNUBZNWFxdUGof6vkaykE,One For The Road,78bpIziExqiI9qztvNFlQu,['7Ln80lUS6He07XvHI8qqHH'],206051,False,GBCEL1300364,3
265ehI4I7NfR8PmAXdpspn,Swim and Sleep (Like a Shark),1boMSpoKkFe901QZaU7Gb3,['1LeVJ5GPeYDOVUjxx1y7Rp'],165226,False,US38Y1323202,2
0rexlITgOonNpN9XjcgyRR,Wondrous Place,1Rsm7e7fnLx87MDgV7w7ZM,"['2Z7UcsdweVlRbAk5wH5fsf', '1ctkBmvz80MGyi72Ix055S', '3M0H4efyA5YcijrKlaKbYn']",168253,False,GBCEL0800203,3
0fiB5cRA2lngpF06X1Ou4u,Bang Bang You're Dead,3fk5b09jPto2iiQz9b207c,['6fHETUBbKmdmgybtFOFQuc'],212200,False,GBUM70600400,3
2B664ulJSVBd6B8SAY3Wux,Oysters In My Pocket,2tQ8dsmr0EpIJ5FFyUMQES,['5b5bt4mZQpJMoCRbiQ7diH'],162338,False,GBKPL2284406,1
5hM5arv9KDbCHS0k9uqwjr,Borderline,31qVWUdRrlb8thMvts0yYL,['5INjqkS1o8h1imAzPqGZBb'],237800,False,AUUM71900956,3
4fPBB44eDH71YohayI4eKV,You Only Live Once,1HQ61my1h3VWp2EBWKlp0n,['0epOFNiUfyON9EYx7Tpr6V'],189226,False,USRC10503559,1
4M88Wd7Aps5LGRWMOC7gSH,Some Kind of Nature (feat. Lou Reed),2dIGnmEIy1WZIcZCFSj6i8,"['3AA28KZvwAUcZuOKwyblJQ', '42TFhl7WlMRXiNqzSrnzPL']",179866,False,GBAYE1000009,9
1XKAeevAbxSSMuTcRT0APS,Multi-Love,2aoI8tkPq9NBvGiARD0KoR,['1LeVJ5GPeYDOVUjxx1y7Rp'],250800,False,US38Y1526201,1
5JWPUEov2wlX7c0jhYZpeB,Lost In Yesterday,31qVWUdRrlb8thMvts0yYL,['5INjqkS1o8h1imAzPqGZBb'],249586,False,AUUM71900932,8
6jHvX8ZnHKC1PnrPMJ0Emt,Cigarette Daydreams,5nJ9B1KiydXoYWAcyqlG76,['26T3LtbuGT1Fu9m0eRq5X3'],208760,False,USRC11301169,1
2eYioW6oELrn623Sm2c8Dm,Must Be a Dream,5zGfpfO04UiTB9g73oFi5F,['6yYoIxAvtAgGPSSring5SB'],238280,False,FR96X2064659,2
7Jh49vrDOVGGgjfHlxRKNz,Long Throat,5RK1P6CcqLfAeHlgA8I6oH,['7iyWvxyp2SxGg3L66TmHbO'],275729,False,QZK6G2237143,7
0J2OnBNKwt0KICDyDFPUvl,Take It Or Leave It,2yNaksHgeMQM9Quse463b5,['0epOFNiUfyON9EYx7Tpr6V'],196133,False,USRC10100772,11
4Pz7iN649aBn2TwcxBRF8Z,Golden Cage,0ajuOfBlVf6XlnaZAYUVBf,['1qcU8NabUQ5efQf8UGW6CV'],242440,False,DED620600073,2
7EUcOIbJSePmXGvAe7G79C,Black Treacle,2ym2jcqckXqWeTDoxz3Kst,['7Ln80lUS6He07XvHI8qqHH'],217440,False,GBCEL1100193,2
3tc0yir2NHwhzVWZnmukhS,Jacqueline,0vi5ePiEHrGZJF7QhnDW2z,['0XNa1vTidXlvJ2gHSsRi4A'],229026,False,GBCEL0300190,1
1s2oewEkFG9eF9Mq7MyvCV,Hand It Over,7GjVWG39IOj4viyWplJV4H,['0SwO7SWeDHJijQ3XNS7xEE'],253360,True,USSM11707043,10
0LtOwyZoSNZKJWHqjzADpW,Feels Like We Only Go Backwards,3C2MFZ2iHotUQOSBzdSvM7,['5INjqkS1o8h1imAzPqGZBb'],192960,False,AUUM71200493,7
4oXg7xT4ksBxHTx8PcmSXw,15 Step,5vkqYmiPBYLaalcmjujWxK,['4Z8W4fKeB5YxbusRsdQVPb'],237293,False,GBSTK0700001,1
52ojopYMUzeNcudsoz7O9D,"New Person, Same Old Mistakes",79dL7FLiJFOO0EoehUHQBv,['5INjqkS1o8h1imAzPqGZBb'],363240,False,AUUM71500302,13
36bVcRltxiQSg0ZEHDAZZ1,May 1st,2d7uieZPQtrUi5AQXwdsYV,['1bwUhKRmEkOZ1wuTnV9XjC'],178554,False,QM6YT1701404,4
57Xjny5yNzAcsxnusKmAfA,Reptilia,3HFbH1loOUbqCyPsLuHLLh,['0epOFNiUfyON9EYx7Tpr6V'],219826,False,USRC10301519,2
3rXCnvL6xP83VsYUg4rm7e,Whistle For The Choir,7avNT7QnpWXl1Khqnsguaw,['3M4ThdJR28z9eSMcQHAZ5G'],215813,False,GBUM70601572,3
0Bl1Gt8R9kjz7JO7SYAuhe,Shalala,4zM61adzXFpgNQYyBSSufT,['66riSKDVOc3vPkeyju0q0o'],228015,False,TCACT1674469,6
5ReVynYIFVieuBH9EHOTbj,No I In Threesome,1gsoIHeBan6QywhysNgApK,['3WaJSfKnzc65VDgmj2zU8B'],231533,False,USCA20703925,2
4EZ2C0321dYtzKD0zEfsUy,Necessary Evil,2aoI8tkPq9NBvGiARD0KoR,['1LeVJ5GPeYDOVUjxx1y7Rp'],317800,False,US38Y1526208,8
1xaTREM89RbIxkcjlpf4Uw,Heaven Knows I'm Miserable Now - 2011 Remaster,1j57Q5ntVi7crpibb0h4sv,['3yY2gUcIsjMr8hjo51PoJ8'],215760,False,GBCRL1100070,9
14xj58ZexBaEaHARb11Cqs,Lucky,6dVIqQ8qmQ5GBnJ9shOYGE,['4Z8W4fKeB5YxbusRsdQVPb'],258813,False,GBAYE9701375,11
3LbZIhU0smEU5SUnxod4j4,Breathe Deeper,31qVWUdRrlb8thMvts0yYL,['5INjqkS1o8h1imAzPqGZBb'],372866,False,AUUM71900929,5
35YyxFpE0ZTOoqFx5bADW8,Nude,5vkqYmiPBYLaalcmjujWxK,['4Z8W4fKeB5YxbusRsdQVPb'],255386,False,GBSTK0700003,3
0WQiDwKJclirSYG9v5tayI,There Is a Light That Never Goes Out - 2011 Remaster,5Y0p2XCgRRIjna91aQE8q7,['3yY2gUcIsjMr8hjo51PoJ8'],244586,False,GBCRL1100054,9
2gNfxysfBRfl9Lvi9T3v6R,Disciples,79dL7FLiJFOO0EoehUHQBv,['5INjqkS1o8h1imAzPqGZBb'],108546,False,AUUM71500297,9
6DUKQUhWqUySYngLXLNwP2,Automatic Stop,3HFbH1loOUbqCyPsLuHLLh,['0epOFNiUfyON9EYx7Tpr6V'],207133,False,USRC10301520,3
6RZmhpvukfyeSURhf4kZ0d,Is It True,31qVWUdRrlb8thMvts0yYL,['5INjqkS1o8h1imAzPqGZBb'],239266,False,AUUM71900933,9
2OErSh4oVVAUll0vHxdr6p,Bigmouth Strikes Again - 2011 Remaster,5Y0p2XCgRRIjna91aQE8q7,['3yY2gUcIsjMr8hjo51PoJ8'],193320,False,GBCRL1100051,6
5cy5IStIn7OSHDEIgXeDyq,Debaser,0DQyTVcDhK9wm0f6RaErWO,['6zvul52xwTWzilBZl6BUbT'],171746,False,GBAFL9700091,1
4ZTczxCALS91VjEKWPX2DR,Slow Hands,5NUna7cH8t5yLMgBxmW4NL,['3WaJSfKnzc65VDgmj2zU8B'],184133,False,USMTD0461605,5
3UKy1X3nGe5diFqN5swaFz,Hiding tonight,3OqRGywivnQ0IeClUeUa4n,['1ctkBmvz80MGyi72Ix055S'],186720,False,GBCEL1100042,2
1e4kwCOOIv8OHBHSd3avgQ,Baby,08RdKFNm8Cu86FSzlhoAoh,"['5H0YoDsPDi9fObFmJtTjfN', '1AEcpjnSCmm53IBZQo3g9z']",287426,False,GBAFL1200184,13
69h2mpzNUmdEg5egeNa1ki,Henrietta,6YYhMNDgi37WNGtCDis6PT,['3M4ThdJR28z9eSMcQHAZ5G'],212493,True,GBUM70601574,1
2EoOZnxNgtmZaD8uUmz2nD,Black Hole Sun,29sTacnS0qA9xri6YS8xLA,['5xUf6j4upBrXZPg6AI4MRK'],318586,False,USAM19400007,7
5ncofiedz9Ej6YkvvXMKVn,Not The Same Anymore,2xkZV2Hl1Omi8rk2D7t5lN,['0epOFNiUfyON9EYx7Tpr6V'],337333,True,USRC11902733,8
5GAB1X0AJq2EZjxXP9zMFt,"Archie, Marry Me",1j3pIPXjLIFkp84OfVUsNT,['3kzwYV3OCB010YfXMF0Avt'],196560,False,US3R41428202,2
4SgcE7RxpK3ydWrjoAQH1K,Why Won't You Make Up Your Mind?,1DNSmmRLfv97Yjq7MTFWng,['5INjqkS1o8h1imAzPqGZBb'],199093,False,AUUM71000135,5
5OHbgQbHzTjolHzWffSrvn,Glass in the park,3OqRGywivnQ0IeClUeUa4n,['1ctkBmvz80MGyi72Ix055S'],239653,False,GBCEL1100043,3
5Jux7nevG4VaJNfI6jKoka,Matador,1U7hECBiaVZvmnF7mZNMhB,['1CMml5seBEaxQzlmaGxMPx'],199360,False,USD8D1744005,5
7oDDV1cal0M0RIjr4HuuJ9,Gouge Away,0DQyTVcDhK9wm0f6RaErWO,['6zvul52xwTWzilBZl6BUbT'],162533,False,GBAFL9700102,15
2NALyOC8GhCCqvnIVsBaFR,Holy Toledo,0RjCOLOOCz6cCN8kAx66Cx,['1W4itxt3vwhmrgLEBuVHJ6'],320075,True,USX9P1352928,3
4vpgL1Q90NV0xqlwUEbDLB,A Lack of Understanding,2T0iwqVWzr4Y63x4kKO5DW,['0Ak6DLKHtpR6TEEnmcorKA'],178880,False,GBARL1100006,3
71WidxLZ2Xlmc3mpHteY6J,A Lizard State,3nR8btC3svZmUktrXDBuRY,['4wyNyxs74Ux8UIDopNjIai'],259746,True,GBBKS1300096,8
0w9V14Pcpqm0pZ5gNtN3Ja,SAFE SPACE,1OegF0mIizsl36EVw1y1SW,['6LtXxYMIiKSy2EGHnz1f5j'],206480,False,DEZC62331826,4
2HMNxcbwbPP9dHE49ySPAV,HAT SIE NICHT GESAGT,3OyvFtBj7fmPm3pXOnMOWU,"['0CzoJbqBbtBNLArLyAFDPn', '321tUq7ss6yiulj9bxEJoc']",125791,True,DEQ322400107,1
4aVEsdnZrP2borAsVin48m,Boy U Nasty,3PanJjGGUoTU6PH9y3S1PT,"['30eE9RmXxzCcZKTf4N2O0e', '47fPXXrqnkQcaQ951UA3cm']",332051,True,UK34N1800577,4
5KOzLFWT6o3ACbNmCC6gGU,Foh,7n1cf3SUccyhmdDgCXRoog,['4RsQj1228RD7TFtUGCKRg7'],246720,False,GBKPL1943183,1
4FyKy7YHPJLFp25nmnno6F,Pegasus Pt. 2,40MHPxIuTnouLnPikSO7Aq,"['6ZfQ6IMFmOeGSttA4Qk52G', '2AasvmwafZPTgQANaoLoQY']",292330,False,QZNWZ2166297,6
0g1UEsa2bqif2D0hlmxUfI,Never Enough,301BTyjA0xlkTu8gDm3ToF,['5oXWx1ZjiyWTt4fhjUQgKR'],327466,False,QZES82235789,1
3nx6ITILGkbqUoF4aXRLMP,FRONT ROW WARRIORS,2W8tfym2gM4aheeUsk0Npy,['0pMuwBG7YGp4l8UaZqtzjo'],337333,False,GRBSL2300001,1
1LzvuqP3L5Q7G61kUBgfCJ,VYZEE,619AAL08eHbip6ce8Jixbe,['5a2w2tgpLwv26BYJf2qYwu'],202531,False,GB7CH1500015,1
190ylZti6Gd4p13DTYPvON,Emmène Moi Raver Didier (Jan Vercauteren Remix),5bVbCLdfGaWExNAgfqGe9X,"['5emCd0qnjtQrmxcaMIlf5v', '4cmropGcX5bGUlB6yn4yB3']",374023,False,QZHPJ1938279,3
5pDdAsoQyPQJ8j1JZpQ7TL,Unfaithful - CARV Remix,4kLjCeMqAuIDP9JrxgyzbY,"['5od72ceH2aN3pS4hcHNzRy', '30tToHC6q3nB7Lious0MZW', '6xenmpQHeDugzwDn9H2pSI']",333906,False,DEH742407767,4
3vDinFBFhPsTykopZhZuoi,STAY AWAY,1cIhasMqR2uxzWLRYkRpzb,['1k0U51DXyjFk4YnLZUIMP9'],324937,False,QM42K2273584,1
1fGJu0INFG0IRPSfeUbGUd,REPLAY,0nB5fGalEJnj2KujOiJBW8,['3OHl7zl5cliNK2ADa18ZxL'],271304,False,QZMEN2428892,1
3MVdAEHp17znDQx29i7Kna,ACAB,1DZfIPw9Z4l1nEyHOGm3Dg,['3bb7lqTA4RWzdAXpdfR5VK'],339870,True,QZFYX2184856,1
1WLd9SQCrSnrdSUCc14FIJ,БАЗА,4SjZxf9XdPnXGG5MCeceol,['4oCaLmRVMM4Ck4VGrmh4VC'],115301,False,DGA0H2315567,1
4cNjqISTUuWTSE97Wed8i0,Teknocity,0LqlxrPPPu7LbA9SEClaLN,"['1cMiNxpdh0mP5WFnPvr4xf', '7BGTl5Swxc7pcXnSgqzSSM', '7uArFNNb7PASGDpdqh0ta3']",260592,True,QMDA62300056,1
1dzvje2q7KX8k1U9eOT6Pv,We Control,60rhOCClApo0duvJbe2A18,['4h8IEOdrg60WM5XGyNOCVU'],206625,False,GBUR62000369,1
3UQczz9KZWvNQHi8yr7o8s,Tic Tac,5nOOfbF3UkA8qCxHAav3m6,['7BGTl5Swxc7pcXnSgqzSSM'],322783,False,ES17E2401946,11
0R13zftuNe1WECTSBeT6ri,Church Outfit,4lkW9DiMaD9PQZhaIRQUnH,['5mlbvTfWUOfDrUIK6dkNzv'],114351,False,USYFZ2334301,1
5fIZ683j2xPeLAXfHeWKEG,Dernière danse - Techno Mix,3MhGOga5TlR7JfKxDSxv9Q,"['0FEJqmeLRzsXj8hgcZaAyB', '1r43wW70tnGUauQYvY5w48']",197142,False,FRUM72302505,1
5ggRtRm7mLxjTekV0KWbdO,Silence Is Oppression,3Au8eyQxvtvbxPwZlJ3Al8,['13Mv9xsTvpgUxCdth9MWnG'],354113,False,NLCK41072897,2
7rGmOXB4xH2A5jEK0gKD3N,Nothing More to Say - Dub,3fwjJp5CzCfUQtXsMflbHi,['5a2w2tgpLwv26BYJf2qYwu'],325307,False,GBQLP1300016,1
46PRAC9BDGinxWR2Jw6chN,My Little White Pony,7kDMF5sKIkfT8MxEwahCel,"['4m7q9onIm2bqhwHy9utqmw', '0auP293abZeTWwMUi3fZw2']",299520,False,DEU672200177,1
4fvDhwU5gWA0YAKL1E8qEA,Kabinet,59reFG7Z1XIajUj3cntXrZ,['5hUbXqyif2dZ3ArU1v9Rli'],127469,False,QZNWT2339263,1
6qn1myMSexJDtT0AGLwTXc,9mm,4kiB2fjPSRxYhqfFA1dSV1,['6LtXxYMIiKSy2EGHnz1f5j'],237917,False,DEE862400367,4
79yOFmbrHaJhfcSMGLvYlW,Follow the Groove,2pfNMLF3uvCCQ72TDsfOa9,['3OHl7zl5cliNK2ADa18ZxL'],279230,False,QZNWY2335712,1
6kfGTQ19X0QCN7mOvxXcH0,Silkworm,5tHnpwtNjuutI0hIsmsTMN,['0Pb1JB8ps5wlHniYSgRnum'],325590,False,GB5P52000407,1
3y0tDFDuqdiLeEvldDsgmp,Chastity (Somewhen Remix),47BRMbAHR1udkEgKtmHaPD,"['2hThsqaVEAWhWPBXnaOfB9', '62k5LKMhymqlDNo2DWOvvv', '4ukk0IyB7vL97QirpOcNr3', '0k47nZgznsmnNkSIJvjbVy']",231818,False,DEDU22300025,1
1WFlFVMRyCc0tP0tdQCaDw,Croce,6EtroVRtXWx7AJWEwEPzgx,['144HzhpLjcR9k37w5Ico9B'],334285,False,DEUD42323887,1
70W4ZdVWdPfDvOwAy9s1kv,DJ in Berlin (P.Vanillaboy Edit),3oqqu6ebPQBMp4xgITBe3w,"['1emgDf5qBtbL909f2Pt7uP', '6no5okBU3PLAhvonZbi21z']",212266,False,TCAGX2317279,2
7onTj4e7ujW6PrriZ3xlvt,MANIÁTIKA,6juOUlxopQfKIvwm4n9oD6,['3OHl7zl5cliNK2ADa18ZxL'],357707,False,QZK6G2336416,1
31pWDlRc1upAwZtoVZZjp0,Hit The Floor,77wwWZA5TQ4mNmuUukcdbx,['5oXWx1ZjiyWTt4fhjUQgKR'],339300,False,QZRP52258128,1
2EnH8UOxxdBdTeCtc9BYCp,Sturmfrei - NeuroBeatz Remix,3YlVEpElZrKltVQC8ZSf3n,"['3OFo18LHyXeX0u7Y2fonXb', '3oVSD2qVvvT9HhWDlFk4Hv']",180923,False,QZWFJ2313059,1
3AjSfp5FDvwtMU9XBsbS8j,Push Up - Main Edit,3v5BP6gPT1nNU9rjs57fF0,['2gW0M5fn2r7Lo4Hn1r8HZ5'],139300,False,DEE862300564,1
7Fx8c3lhRQZesFHgdFjXbN,NETFLIX & KILL,31Rxxv9rb8WwJYEoBZWuQa,['6DAoPIKbym8tpSn4cAffWv'],167263,False,DEPI82405542,1
3uKFlqSZga9I9aiWxOe21o,ACXD,6pSCdWVARSaIaJuoHDGpTg,['4QualaVaoF8vYnpJ5o8Pw6'],378633,False,QZHNC2186658,1
26VuPU1V823QU6VjM1ZZEV,Ratata,4bYr8W3KSim5kjG7t00FDC,"['6GVd3327JY65jGWX4X3wHS', '66FZq0wsY6770bc4O9Dlig']",105732,False,QZ8WX2071420,1
5poZz8srlh8P5XjKsHKXj7,When I Push - Edit,1mvCo6lKqirk2mq56tiMRy,"['5lVNSw2GPci8kebrAQpZqU', '7mC3RkNNTV6p2j9w4F8Ip4', '2E1NFr5AeEGUJkLUUsWCAO']",213582,False,GBUR62000740,1
0uMla97PZb7Ypw0b9KDZJS,Ecrase mes mains,4BvAWSARI5KjafWuF1Ma7O,"['5EK3CRmpzpS1NCIBz94itG', '3e8QwDUwosbeU54KhSSrJZ']",409795,False,FR59R2129651,1
3TOsKSfNMCzdyvhTtVasvX,Panna Cotta,23SjnAQ1v7d06MYD84Qvvw,['6ocWrmDywWyf1I3yUJXecp'],190559,False,QZNJY2413922,1
0MeGiBDDodJwa1iHnCgG3q,My Mama Dropped LSD in the 90's,0X12iWSZ0DQrn35GgTEjrT,"['0HHa7ZJZxUQlg5l2mB0N0f', '4lBSzo2LS8asEzoePv6VLM', '66Vn5izERxqMuZz9QB5Dyh']",176817,True,DEE862400811,1
46a2imjeJLAJAMaJghKyFQ,Falkor's Return,4FPf6TQDTjuSKhz33YMJlh,['1nDQX7M3T8BvVi3bdCQyrm'],180000,False,QM8DG1874880,6
3qPiw3yBxMHmir34UpfD6g,Diskotéka Avantgarde,5Mn8ffC1Ns33XQIhM1x6JG,['6LtXxYMIiKSy2EGHnz1f5j'],435310,False,QZK6H2013010,2
3YQB1uILwtTRXihxVVqJwa,funky beat,7Anym5u2NhKEuslfyl7UFr,['56WVh8EkeVz4N8w3EkBGA8'],81987,False,SE6XX2231796,1
0746AeHaYcU2GsG7ohLfTi,Fire In My Body,4FPf6TQDTjuSKhz33YMJlh,['1nDQX7M3T8BvVi3bdCQyrm'],196200,False,QM8DG1873470,5
79grw34DPX7iCvVUfBPB9S,All Of It,5iHDU2XwpJwk0xiIH1Bc6Z,"['1vK8NnrPlBlF34LaiFX1SK', '43ExVtoWEweRa8s1SlFZUj']",331609,False,DEQ022370624,1
2EN8zN5F3zptc0wl48x82P,Mother Fcking Breakbeat,1rgRxK9ks5kGXhKPlBBC7b,['67rrRt3sYwQcJS8OlCfQKq'],328000,False,QZKDK2392670,1
1gCqBNalYBAsNgAGJtaMFE,EINS ZWEI POLIZEI (TECHNO),1g1VlfnIp5g5epoleYMP7X,['3nZ3AabGubephVrPTp8rRz'],142344,False,GX8LE2346394,1
2DpM4jw683veA2BTcc3kZR,Meet Her At The Love Parade - Beuk Mix,1YPZDYBgcbMfW4ORrQHmX7,['66FZq0wsY6770bc4O9Dlig'],112258,False,NLRD52030827,1
0Ap8hmr8241nTJMa2nvOvn,Blade,0ZVpEzmv3wYLL1waCPPf7V,['6LtXxYMIiKSy2EGHnz1f5j'],334645,False,QZHN72225462,2
5reKeLqZ1thyNerCGHDSal,Little Illusion Machine (Wirral Riddler),2DP4DfaBE1x0cTo8I6Qimm,['2niM1niRXzrfH2Ad2d7Pdh'],191106,False,GBCEL1100437,2
5Uv745RQ6uXics2lpvypZy,No One There (feat. Julian Casablancas),5aoKDISzBJuz6nNvL4p8Yk,"['7HziAqUufwxB7VZx3ysxoM', '1rAv1GhTQ2rmG94p9lU3rB']",249502,False,TCADH1750773,1
0fHR2bXZAL9t4dwdJV8ol7,Lay Down,5SfoSVrbbWixOzP1wZjaPh,['6QfZgJa0nrIKLwAdso7ai9'],224913,False,ITB842000070,3
5Q70EWz2ZBoxMbaPRe7jvV,It's My Beat,4JWIOoyDyAkeJ3py0ySleT,"['5oXWx1ZjiyWTt4fhjUQgKR', '6qGPRvyYVYsn8CuD9kX2jP', '6eGp2AIQ3TjdRZ7uxdbaY2']",319459,False,QZK6N2239788,1
4AQp8VkbXMU9gDI9KzwV2l,Red River,116TDFvunmrvYpqJKEud8r,['2FQgnKHydnhSnRS17BSy28'],202503,False,uscgj1618723,1
1wCWu0olvm0XqvaY0CNna9,Medulla,22oR7YgkR1HZkqWbZQXn9z,['6ZisvOKQY2LDItOkbsy2qd'],324668,False,SEYOK2203345,1
3wMVMKA7OmZJRFTpzThvkS,Impressions in C Major,6IIeUGxCqrugMgzKxjivaF,['3tUWjCgBpCvOfNSLIAEh4p'],168000,False,US3DF1956727,10
4lP3eekkUcgBtBEiDq74rx,"Brittle, Baby!",7LPXiXb4hsECvBu4uNmH3M,"['3dhWzpDCZToKwpdCMgasCW', '3u6lPufHw4Oww6D88rv6sB']",240741,False,UK6KW2100208,1
4eVXJrgK3AXU0IgujAgEjB,Space Train,6jFLFLzf3ILnZ1hUF4wGpn,"['5cg7ESNx1k1NLAkdx78P9y', '7IwSYMdY2qHT0H6tIGH6l3']",146080,False,NLQ8D2300249,1
6kq5DWgcfSWSIKzcDtymMV,Evie,7dcuSmw61nlIHWmDpvbSnE,['7zPM2TtfM5n6zFLdKiVpx6'],341992,False,GBKPL2081684,7
7MC2ZDjvreeUGGvMpz5IhU,Transition,5EtLKjH311CLH0QwS7eSEF,['5Nd385K2g3s0828W8Ab70z'],326620,False,BEN582100534,3
1ehgDFq60JmhhJmiN8LHBg,Avalanches,67NnuBN3pym2P4FSho8xb0,['37J1PlAkhRK7yrZUtqaUpQ'],249510,False,FRDCP2400040,5
4xFSxJ2cExzXcUlObrljIK,In This Moment Forever,3kHT55DGSFoJectgOJoTVN,"['13XiWTSCn7mJbupzHvZVEZ', '5ZbRDyTYX4HhXveONcZQn2']",235826,False,FR59R1661879,3
0J7Zv3nJki2SBTvidhMDZy,San Francisco,7FfiN9ztbjLNPWhuhFHaWf,['55LHFEtIplWhsfyWZUwkf4'],227906,False,US38Y1322704,4
3COjMzyjRDFZYaDmeUELtS,Appalachian Fiction,1ChjyIJFZm1QxWRwnwD6fa,['4NEvQksVxrvuGT3DnNoXqm'],270845,False,QZHN52058824,1
3dDQ62IpPo5ELve35xfvZu,Insolent Rave,32JktQPqGT1jWtpeM8mm2Y,['6fjhNhp9IoeiZpEXq9AT2S'],372048,False,QZMHK2067809,1
5YsZ99OX1aOyppre3Zwhnp,Stranded Lullaby,1CbtBQqibzdxhmpiLD7vzN,['2FRXiAz5Uz78LLLSwEUhLt'],220092,False,TCACB1435459,10
1UG9riuI3II957sNAbYpv9,don't give me grapes,2mUs3sP2ddsWuD6vhy1War,['2vYPcNSAbcEHwZdddbj2xn'],187993,False,CAL451677701,1
0wQ5EqVy3lFGWbbsOGJP5H,Does The Swallow Dream Of Flying,0rEQQdNkMixaXRqYCe4kaX,"['6hV6oxGLeLFw17DGjIPkYD', '5O1lGG6g24rGOcnDHxyumK']",178306,False,NLRD52352755,2
4OAGNHmLQJfxm1dJNRI3mZ,Yoake,6C6ibMrLVbyodTEAkRidDi,['3Cp20KSVlMlFuOdqiqHFGR'],190617,False,QZFYX2201946,1
4A39nkFBIciAanMk3cHKWD,Diggers,1J3zoflsvmXbJuJ1opvy5Z,['6q5M5a5hW48QjbDc0xuTtU'],262300,False,GBTE71301001,1
4X0MeSTTp8BS6ZbKRBRf1q,Bloom At Night,1UiSJKr1F1Y3ZwbCw67JV2,"['4gQsGkfdB4uVrNBqo4MhmI', '7B2edU3Q7btJoNsoHCNohM', '7JY39clELNh1MLQBJs6MAk']",319800,False,UKKP22100191,1
5ZpAU5f4jxj6i9XoKK0RaI,Burning Pile,41U6Qbx5KxhHYIuwlK3lXA,['0e86yPdC41PGRkLp2Q1Bph'],262173,False,CAL450882102,2
36riLb7Di5ShjgsUUPPlDL,Bakumbe (feat. Sam Amidon),3zNi5dCpkbm4zv7h1vGOMy,"['0QWrMNukfcVOmgEU0FEDyD', '6TTJ0xLPPNDyv4bXyukzU4']",249813,False,GBUM71903187,3
6dHiUOZlycug2c0TOKkEw7,"Hello, Good Night",7joTKW5Kcy7Abqp065hLUp,['0WgiEOrXlaXJGHKhkd9s4s'],216973,False,USTB30400269,14
0x7xrbNiRNr6FvvsnHaHfp,Intro,3zNi5dCpkbm4zv7h1vGOMy,"['0QWrMNukfcVOmgEU0FEDyD', '6lX5GQjrKepdJ7mmSElWcI']",87146,False,GBUM71903198,1
0fu5r69xQg8OQCGsK2S5Il,Here Comes The Sun (feat. dodie),3zNi5dCpkbm4zv7h1vGOMy,"['0QWrMNukfcVOmgEU0FEDyD', '21TinSsF5ytwsfdyz5VSVS']",238360,False,GBUM71901393,11
7IMwRhAR82Tf1BB2fi8mQU,Black Lily,5d27iGBLT0Y03owvLeBWkv,['1x2YcZB1QpRZB3HT9gdUCQ'],235935,False,TCADR1859897,1
63bRlSS5g67PIHsogL2xOA,It Don’t Matter (feat. JoJo),3zNi5dCpkbm4zv7h1vGOMy,"['0QWrMNukfcVOmgEU0FEDyD', '5xuNBZoM7z1Vv8IQ6uM0p6']",261013,False,GBUM71902920,10
2gx8bumNIp9AS3JSSYekgc,Fog in the Mirror,5uV5cai6VPXvq9fmtvlRWn,['2a4lU7F8toqKpb5v6Ftqya'],241376,False,TCAEO1996143,11
3u0EQ4UaBjL0FXTQvsgflf,Outro,3zNi5dCpkbm4zv7h1vGOMy,['0QWrMNukfcVOmgEU0FEDyD'],166746,False,GBUM71903196,15
3nTzwiI3MxJ55m3n5caeco,À Noite - Interlude,3zNi5dCpkbm4zv7h1vGOMy,['0QWrMNukfcVOmgEU0FEDyD'],144733,False,GBUM71903190,7
6eGE12CvaaPMzWzmZqjkXs,Head Out,6O9YDn12I4WQxUBQE9tpnN,['5J81VungUjSVHxlPpTI9KG'],148019,False,US2S71673005,5
1KIJclzEbNhSVw8tiHPWwE,Young,54lNPJ6xq2QXwG6jLEIf6C,['0U7iI0Dk4Ojvi17nZboNO4'],189160,False,SEYOK1669274,4
2kP72xV4t4LTcuGUqheQkH,Nebaluyo (feat. Oumou Sangaré),3zNi5dCpkbm4zv7h1vGOMy,"['0QWrMNukfcVOmgEU0FEDyD', '65CKKZilbcSKkAPC9a5Mvh']",317573,False,GBUM71903193,13
5tR868MtMK0NXjMJZ9eCWw,Do You Feel Love (feat. Steve Vai),3zNi5dCpkbm4zv7h1vGOMy,"['0QWrMNukfcVOmgEU0FEDyD', '32Jb1X3wSmmoHj2epZReZA']",213293,False,GBUM71903199,14
1AWRfCMsAPQ3KqVQpsVz5M,Dun Dun Ba Ba - Interlude,3zNi5dCpkbm4zv7h1vGOMy,['0QWrMNukfcVOmgEU0FEDyD'],115426,False,GBUM71903197,12
2K2EtjQhdYijLLBNsFyFRO,Time To Rest Your Weary Head,3zNi5dCpkbm4zv7h1vGOMy,['0QWrMNukfcVOmgEU0FEDyD'],369426,False,GBUM71903195,16
7MGNHuYwmm9UjQgdVciO1v,Feel (feat. Lianne La Havas),3zNi5dCpkbm4zv7h1vGOMy,"['0QWrMNukfcVOmgEU0FEDyD', '2RP4pPHTXlQpDnO9LvR7Yt']",390560,False,GBUM71903191,6
1IRRqn75jaZHp7zMT1NGbZ,Moon River,3zNi5dCpkbm4zv7h1vGOMy,['0QWrMNukfcVOmgEU0FEDyD'],496880,False,GBUM71902312,5
16bqEo3yqJzmuA5DXLKSDm,Solar Waltz,5nBi2KxnApejxYC1Eb8XNl,['6hV6oxGLeLFw17DGjIPkYD'],338253,False,GBKZV1700083,6
4Y6VEDkRSpbn8Wt8x18RHh,Make Me Cry,3zNi5dCpkbm4zv7h1vGOMy,['0QWrMNukfcVOmgEU0FEDyD'],232800,False,GBUM71900897,4
5YK0WaXMtRHeWEn8EIbmPw,Lua (feat. MARO),3zNi5dCpkbm4zv7h1vGOMy,"['0QWrMNukfcVOmgEU0FEDyD', '3NP4jJcW3R6qO6rbtnH0wn']",422333,False,GBUM71903192,8
6AEYJSl89zOrlcta65d5y5,I Heard You Singing (feat. Becca Stevens & Chris Thile),3zNi5dCpkbm4zv7h1vGOMy,"['0QWrMNukfcVOmgEU0FEDyD', '0Sh2X6e3JerGnyEF0vDgbk', '1dyGPAYZZHHW6WIqwKN5QF']",291266,False,GBUM71903189,9
74Lc6VMuKnlv6hUSz2Shtc,Buck,6P1QRuFu6NaJtRyKjONiqx,['6Fnr4z4XxrLyioZquy1WhO'],200200,True,QM6P42044335,1
3XBPCbTU9rSGuyuK7Xbj4B,Sixteen Saltines,6eSJ0lu0uwtiqXkP7Qrrno,['4FZ3j1oH43e7cukCALsCwf'],155720,False,USSM11200353,2
47fADKpvNG60AU6s6VVWjZ,All My Friends,2xY1XseDL8vVO8TLofNbXm,['3Sp7HTc7BNbSx0SPiHVeRI'],200116,True,CABD62006703,3
2eXXH2jx97BkAeMIM6Se3S,Lava Lamp Pisco,58wdGQU1dFL9gzRqG08Isw,['7GRrLcUxwtQLvOpO7OHO80'],241859,False,GBX722100616,2
3GVF9xpMZfIWDjpOszCc0g,Gas Dance,318nGB7yJyE7CUm5i1W27i,"['2Z7UcsdweVlRbAk5wH5fsf', '1ctkBmvz80MGyi72Ix055S', '3M0H4efyA5YcijrKlaKbYn']",219880,False,GBCEL0800358,3
5nBfVhIqHccNq2UhAB2Isc,Sirens,38YQrMruyoZLOLI695h3xy,['4worwwIR65GOR5LpY0YtcJ'],135857,True,US39N2300861,4
48bo7uexDvAThcRDvEB2W7,Simple Song,4ZTcGoOrNro2aCAStXEjZi,['4LG4Bs1Gadht7TCrMytQUO'],255400,False,USSM11106850,2
2hmHlBM0kPBm17Y7nVIW9f,My Propeller,5IEoiwkThhRmSMBANhpxl2,['7Ln80lUS6He07XvHI8qqHH'],205746,False,GBCEL0900442,1
4U1MPcc9iEukZfnQN2acAH,Love Machine,053cOxEOjfCjCkO471SycQ,['3oBP043HsDnok9FzprqPce'],213104,False,QMEZE1705250,3
5qhvGikJ76CEL5e6SgEQW9,Savage Season,1z3Wt5gSU57Ploa0xNIOKa,['4rqs8Dn1h2Fhibmvsx9TPF'],187293,True,QZK6M1900772,1
4a0RivUaJrSk0HZKSFlzQN,As Blue As Indigo,3uyuxQdmh6N956P7RcOOIG,['6ekYAO2D1JkI58CF4uRRqw'],177485,False,QMFMF2028493,1
6GQLX6Z28fYwDNCrhaKzYF,Undercover Martyn,6n8oS6u5qw6xWGT754V1M6,['536BYVgOnRky0xjsPT96zl'],166573,False,FRU700900115,7
10Nmj3JCNoMeBQ87uw5j8k,Dani California,7xl50xr9NDkd3i2kBbzsNZ,['0L8ExT028jH3ddEcZwqJJ5'],282160,False,USWB10600700,1
2nLtzopw4rPReszdYBJU6h,Numb,4Gfnly5CzMJQqkUFfoHaP3,['6XyY86QOPPrYVGvF9ch6wz'],187520,False,USWB10300474,13
4VqPOruhp5EdPBeR92t6lQ,Uprising,0eFHYz8NmK75zSplL5qlfM,['12Chz98pHFMPJEknJQMWvI'],304840,False,GBAHT0900320,1
4sSfvQySgUMO0X68U8pZ37,Clean Slated State,3fhc4PW1rEMDUEr3aIoIDU,['6LipWEhF4zwwRY8hFtCQHc'],250620,False,TCADL1805446,1
68SSN8C0cJmUEXJkGyNYqe,You’re here that’s the thing,2rhNQbqRNxiNQkDXTffe1V,['35l9BRT7MXmM8bv2WDQiyB'],198600,False,GBK3W2202101,14
6X29iaaazwho3ab7GNue5r,8,0S0KGZnfBGSIssfF54WSJh,['6qqNVTkY8uBg9cP3Jd7DAH'],173201,False,USUM71900768,8
3oUn55qKRZ1JFzfQNbJjS1,20191009 I Like Her,70hX7IYqmUGV97OXs2v848,['3Sz7ZnJQBIHsXLUSo0OQtM'],136888,False,QZG4T2200068,36
0rH1Y0mcALJgAq8EKF2Zwt,fall in love with a girl (feat. Beabadoobee),18czgkFPCbEyxqTGt3dBQ1,"['2hR4h1Cao2ueuI7Cx9c7V8', '35l9BRT7MXmM8bv2WDQiyB']",190853,True,USWB12200067,1
3jN8aTvGH6RN06BYXhk6Ob,Battery Acid,7w2WNWYJs00f05Dt1QwEJp,['0zCrrgklotTrkkJDNUAury'],319025,True,GBKPL2206612,4
1lkxzamwyP2Th5HMmcmeS7,Simple Headphone Mind,78tm3KQp4jXbXAWZYLtBal,"['3Rj0tDHoX7C5NFq5DKIpHt', '7BqVdvWeMLlWkZAOGRPe0I']",646683,False,GBJCJ2200001,1
3Vkyy6CB4UDEvFncUBc53z,Infinite Amethyst,7yQIrNTf3pBu0FdyAJqTqb,"['3Ww8GMbCDMAGwJJ2hd7z7z', '7i68fmsIERvgavI8Q1H09h']",271786,False,USA2P2142407,5
5KGbRvZyVyKP2AEJMHErB4,Old Yellow Bricks,1XkGORuUX2QGOEIL4EbJKm,['7Ln80lUS6He07XvHI8qqHH'],193226,False,GBCEL0700073,11
43zdsphuZLzwA9k4DJhU0I,when the party's over,0S0KGZnfBGSIssfF54WSJh,['6qqNVTkY8uBg9cP3Jd7DAH'],196077,False,USUM71815958,7
3MDkws8QGzLrMrWVAbzoXO,Every Time,6xFQdyHr6fQrLOmtRHv1Nb,['4TIrC99WSg0tOtBCGDjMRY'],241743,False,USEAX1603095,4
4G1guFQqiZalvAgckz7zct,The Salient Voyage,4DhZLtIeokckRrD9kU3zcm,['2rIRxLNznXw6Nj7wllGtuj'],325260,False,FR33T1846902,2
78nzY9fNwCTxpVxjh3ITWn,Cheek to Cheek,6IRlKG1GX4XDN42ow8V3ot,"['33PHFG2fpRWLLSr6Wg4Dxb', '1ai1y07cRSewaRoOsQ4BfN']",423013,False,SEBAA2101401,1
29Qre8uUWCuPUz8Oem2MYI,Spanish in Chinese,1zoFs8GxCrdJrP8PVoO8nQ,['2tGkqm7DdGhJgAeOU5tZOu'],105321,False,SEYOK2035039,20
0tMSssfxAL2oV8Vri0mFHE,listen before i go,0S0KGZnfBGSIssfF54WSJh,['6qqNVTkY8uBg9cP3Jd7DAH'],242652,False,USUM71900772,12
2i86vR8ZQkVQGfLdJxjcJ3,I Only Have Eyes for You,26K8cw7Hune33SRkkS7lBk,['2nBESHLVErh34gRaXhIB18'],194898,False,QZDA62091402,7
0TZejo18HlJ86OrWNsXKnw,Mrs Magic,3Oovjf1PZOryLQSDKwjJzO,['1AbJ2cmwK400LSvdvBL5Jc'],208500,False,GBJGV1900102,1
6ZFvojVqoapoWlIoIHKPvO,Live. Laugh. Love.,7tFhuPvZGBgyvrCYX1tm0O,['0GLU8Fe3pKGD8BRI6NWvId'],209815,True,QZNWX2106227,1
3LgWsmilsrWXiPYQFRD0T7,goodbye,0S0KGZnfBGSIssfF54WSJh,['6qqNVTkY8uBg9cP3Jd7DAH'],119409,False,USUM71900774,14
1EVWJAD3JcRMPFlZWZsg9v,Voyager - By the Sea,23j6Gr8IiZAhZZVhMemd0n,['3M8JKaNdIRChzvxVK1XxKm'],139494,False,CAALQ1600006,6
6WUjz18yIeTGDR1E69WHtf,Porcelain,2Y9IRtehByVkegoD7TcLfi,['0L8ExT028jH3ddEcZwqJJ5'],163706,False,USWB19900692,8
2P5yIMu2DNeMXTyOANKS6k,Nobody,42cH7mrkfljkqkxA2Ip9Xq,['2uYWxilOVlUdk4oV9DvwqK'],193429,False,USJ5G1815009,9
5HKPZ4JboY4qKjSDL1J0g0,Grand Lies,3Ral8vi8Cc0uCtp0Zg0A7x,['1zkHConahaP6T8EBpg8BeE'],113973,False,USWB11700043,7
2lXqwlG8za1sWKgHRwEiEC,Passing Through (Can't the Future Just Wait),6mTcEL6EVR3bN1WO6obNz2,['3pvdhTDfKYnjDZ0R41qY3x'],193190,False,TCAFN2151061,1
51Grh1RyUDcMBbpuyUIUHI,rises the moon,295qW3R6DSM1WfePwUpgux,['5zVu34ozw0BzXIcNHqkO0u'],161929,False,QZDA61986777,1
6klFWv2xDGeTDoiKTtx4hg,Everyone Adores You (at least I do),4eyBviSES0CZjUaipdnHku,['12j6dJrPXanCBwY599pZxf'],203133,False,CAN112100381,3
2JI1Vl5T3MfgyF5vGKYUuG,What Is Love?,3rcysrlQvRv3kgZR461Lz7,['44XhJ4fcKrMzrVr6WpF69R'],177772,False,NLNR92100002,1
3mSoxi4aC7oiTGJjsLLkaM,He Won't Hold You (feat. Rapsody),33cj3kzLqVOg9zvy69Wrc8,"['0QWrMNukfcVOmgEU0FEDyD', '6NL31G53xThQXkFs7lDpL5']",300133,False,GBUM72000755,11
4JdYapRlYv67LnjrkDhZVX,"Think Of Me Once In A While, Take Care",6hMR006RO5sOuA9Vgs4v9L,['2HpfqDQ8DBQlnrbAsdIh7s'],103500,False,GX89G2229011,9
2cb6PIuNqVVGGV8fj0f4SJ,Some Kind of Ghoul,33riUwviIbmtv4TGomCMUz,"['3vVDncwsr2d6svvsH8WVYO', '68Cpa6Nd9U6AeS89J5Nk1t']",213250,False,QZHNC1937262,4
4JlDJCUzDQqxfpc0fTaem3,Letting Things Go,4voc4nmHBjqM4Dm5rjMDUs,"['6pGuw52TrX5SZPdQSxAvgW', '1gxczmVzWKNJLz61uI27zJ']",152339,False,QZWFK2356082,2
2P2nr0yCc4URi6v2pnpUaD,I'm Not A Mountain,27UVPGKePLLUlHX7xDQb7m,['34A8vV1MCxGpA14KspqQuC'],231440,False,GBKPL2151553,3
75n7mraeMycQOl2sDGYaTe,Mad Sounds,78bpIziExqiI9qztvNFlQu,['7Ln80lUS6He07XvHI8qqHH'],215011,False,GBCEL1300368,7
0rRqSw6je1pQgCT8IR3j6X,Linger a While,5nBi2KxnApejxYC1Eb8XNl,['6hV6oxGLeLFw17DGjIPkYD'],112126,False,GBKZV1700089,12
3IznIgmXtrUaoPWpQTy5jB,Not Allowed,4oL7pMxnb04uuRI7ReXmuh,['0Y6dVaC9DZtPNH4591M42W'],167864,True,USCGH1682131,5
7areyJPur83YJOJLhvSXvH,Philadelphia (with Searows),6FGCL7fcqEcGhXjI7IhQZF,"['12j6dJrPXanCBwY599pZxf', '0nugNBwdWaptgIAsEtx1It']",182513,False,QMFMF2372455,1
1ZVbf755wkzFApNhrGNek3,Berlin,3SwSSNhZEqrGqsJ006Q1v6,['2KjAo6wVc9d2WcxdxSArpV'],174172,False,GB5KW1600083,6
3QOcWLI80NAHbD0cge9pkU,In The Wee Small Hours of the Morning,6L4rGy7MjjQFUhbeSFlcBr,"['7iitvSs52z6e7UvIo2LCYi', '0QWrMNukfcVOmgEU0FEDyD']",232373,False,QM6P42356761,4
6JgHKt0WwdwlXIht6M0mqa,I'm So Tired,1owNOVlXTqmDVo4M2Z20uk,['62sC6lUEWRjbFqXpMmOk4G'],118933,False,US35U0412012,12
3QRQwnaENDNslrc5tNUGgE,Lava Lamp,7vHBQDqwzB7uDvoE5bncMM,['4frXpPxQQZwbCu3eTGnZEw'],178569,False,US25X1090538,6
3hRV0jL3vUpRrcy398teAU,The Night We Met,4sD1qg4jwTZR4mvR4Iflk5,['6ltzsmQQbmdoHHbLZ4ZN25'],208211,False,US53Q1200103,14
7MypU6ZEqL6hstZYykaraL,Oh Noel,7F6XbqxHV4xIAj14oUCZoS,['0Raaw7kr1Vzat4ZvHzjsJR'],222259,False,US5261923411,3
3PhbzvTllkq1rkULafc6ns,The Ultracheese,7v6FNgLDS8KmaWA1amUtqe,['7Ln80lUS6He07XvHI8qqHH'],217720,False,GBCEL1800174,11
6JeObyNuu2m4aa40a4h4DY,never been so sure,6lvr2vceq0j5YhJUQTPSKE,['3NP4jJcW3R6qO6rbtnH0wn'],204490,False,QZLBC2200563,4
1U1OeyPu6frcUUrSZ14PjH,What Did You Mean (When You Said Love),5uV5cai6VPXvq9fmtvlRWn,['2a4lU7F8toqKpb5v6Ftqya'],275986,False,TCAEO1915081,3
37l31PrCNsg8baUjarNAi9,I Can't Handle Change,0YjOnBY0FRufcmNBTzWTgX,['7dIpKWlEeAljA20vFJ82RD'],198213,False,USHM81020595,1
7LNCaAPwFWftJpiFoMbjHi,Mirror Friend,4GX6Laa0cgCbiKjJKg7DfH,['1e4WswgIEwz9ahhNAVUxsn'],245575,False,NLRD51632795,1
79rfskJwK9NLN3p5cdccth,Intolewd,0DMKZZanrzK36YjFyI5nfF,['12j6dJrPXanCBwY599pZxf'],79989,False,QMBZ91908372,6
3bq7dXN7arTdaq8mmKXxob,Love to Keep Me Warm,1yfNBTaCzznm3bLF0QHQmi,"['7gW0r5CkdEUMm42w9XpyZO', '21TinSsF5ytwsfdyz5VSVS']",158133,False,GBKPL2174394,1
0TIjhvcvL0FV1NhOKMW4kd,Bird of Paradise,6SFBSlMnqv8xd2aQcagqaq,['5ILrUwUCNUh1xsNFeyla89'],205048,False,TCADT1896011,14
